Symbol,Company Name,Industry,Market Cap
NVDA,NVIDIA Corporation,Semiconductors,
AAPL,Apple Inc.,Consumer Electronics,
MSFT,Microsoft Corporation,Software - Infrastructure,
GOOG,Alphabet Inc.,Internet Content & Information,
GOOGL,Alphabet Inc.,Internet Content & Information,
AMZN,"Amazon.com, Inc.",Internet Retail,
META,"Meta Platforms, Inc.",Internet Content & Information,
TSLA,"Tesla, Inc.",Auto Manufacturers,
BRK.A,Berkshire Hathaway Inc.,Insurance - Diversified,
BRK.B,Berkshire Hathaway Inc.,Insurance - Diversified,
TSM,Taiwan Semiconductor Manufacturing Company Limited,Semiconductors,
AVGO,Broadcom Inc.,Semiconductors,
WMT,Walmart Inc.,Discount Stores,
JPM,JPMorgan Chase & Co.,Banks - Diversified,
LLY,Eli Lilly and Company,Drug Manufacturers - General,
V,Visa Inc.,Credit Services,
UNH,UnitedHealth Group Incorporated,Healthcare Plans,
XOM,Exxon Mobil Corporation,Oil & Gas Integrated,
ORCL,Oracle Corporation,Software - Infrastructure,
MA,Mastercard Incorporated,Credit Services,
NVO,Novo Nordisk A/S,Drug Manufacturers - General,
COST,Costco Wholesale Corporation,Discount Stores,
PG,The Procter & Gamble Company,Household & Personal Products,
HD,"The Home Depot, Inc.",Home Improvement Retail,
NFLX,"Netflix, Inc.",Entertainment,
JNJ,Johnson & Johnson,Drug Manufacturers - General,
BAC,Bank of America Corporation,Banks - Diversified,
CRM,"Salesforce, Inc.",Software - Application,
ABBV,AbbVie Inc.,Drug Manufacturers - General,
CVX,Chevron Corporation,Oil & Gas Integrated,
TMUS,"T-Mobile US, Inc.",Telecom Services,
SAP,SAP SE,Software - Application,
KO,The Coca-Cola Company,Beverages - Non-Alcoholic,
ASML,ASML Holding N.V.,Semiconductor Equipment & Materials,
MRK,"Merck & Co., Inc.",Drug Manufacturers - General,
WFC,Wells Fargo & Company,Banks - Diversified,
TM,Toyota Motor Corporation,Auto Manufacturers,
CSCO,"Cisco Systems, Inc.",Communication Equipment,
BX,Blackstone Inc.,Asset Management,
AMD,"Advanced Micro Devices, Inc.",Semiconductors,
ACN,Accenture plc,Information Technology Services,
ADBE,Adobe Inc.,Software - Infrastructure,
PEP,"PepsiCo, Inc.",Beverages - Non-Alcoholic,
MS,Morgan Stanley,Capital Markets,
LIN,Linde plc,Specialty Chemicals,
NOW,"ServiceNow, Inc.",Software - Application,
MCD,McDonald's Corporation,Restaurants,
NVS,Novartis AG,Drug Manufacturers - General,
SHEL,Shell plc,Oil & Gas Integrated,
DIS,The Walt Disney Company,Entertainment,
AXP,American Express Company,Credit Services,
ABT,Abbott Laboratories,Medical Devices,
PM,Philip Morris International Inc.,Tobacco,
BABA,Alibaba Group Holding Limited,Internet Retail,
AZN,AstraZeneca PLC,Drug Manufacturers - General,
TMO,Thermo Fisher Scientific Inc.,Diagnostics & Research,
IBM,International Business Machines Corporation,Information Technology Services,
GE,General Electric Company,Aerospace & Defense,
GS,"The Goldman Sachs Group, Inc.",Capital Markets,
ISRG,"Intuitive Surgical, Inc.",Medical Instruments & Supplies,
CAT,Caterpillar Inc.,Farm & Heavy Construction Machinery,
TXN,Texas Instruments Incorporated,Semiconductors,
INTU,Intuit Inc.,Software - Application,
VZ,Verizon Communications Inc.,Telecom Services,
RY,Royal Bank of Canada,Banks - Diversified,
QCOM,QUALCOMM Incorporated,Semiconductors,
DHR,Danaher Corporation,Diagnostics & Research,
T,AT&T Inc.,Telecom Services,
HSBC,HSBC Holdings plc,Banks - Diversified,
BKNG,Booking Holdings Inc.,Travel Services,
CMCSA,Comcast Corporation,Telecom Services,
BLK,"BlackRock, Inc.",Asset Management,
NEE,"NextEra Energy, Inc.",Utilities - Regulated Electric,
PDD,PDD Holdings Inc.,Internet Retail,
HDB,HDFC Bank Limited,Banks - Regional,
RTX,RTX Corporation,Aerospace & Defense,
SPGI,S&P Global Inc.,Financial Data & Stock Exchanges,
AMGN,Amgen Inc.,Drug Manufacturers - General,
PGR,The Progressive Corporation,Insurance - Property & Casualty,
LOW,"Lowe's Companies, Inc.",Home Improvement Retail,
UBER,"Uber Technologies, Inc.",Software - Application,
HON,Honeywell International Inc.,Conglomerates,
SYK,Stryker Corporation,Medical Devices,
SCHW,The Charles Schwab Corporation,Capital Markets,
UL,Unilever PLC,Household & Personal Products,
ETN,Eaton Corporation plc,Specialty Industrial Machinery,
UNP,Union Pacific Corporation,Railroads,
PFE,Pfizer Inc.,Drug Manufacturers - General,
TTE,TotalEnergies SE,Oil & Gas Integrated,
AMAT,"Applied Materials, Inc.",Semiconductor Equipment & Materials,
ARM,Arm Holdings plc,Semiconductors,
PLTR,Palantir Technologies Inc.,Software - Infrastructure,
MUFG,"Mitsubishi UFJ Financial Group, Inc.",Banks - Diversified,
KKR,KKR & Co. Inc.,Asset Management,
SHOP,Shopify Inc.,Software - Application,
BHP,BHP Group Limited,Other Industrial Metals & Mining,
BSX,Boston Scientific Corporation,Medical Devices,
TJX,"The TJX Companies, Inc.",Apparel Retail,
C,Citigroup Inc.,Banks - Diversified,
COP,ConocoPhillips,Oil & Gas Exploration & Production,
PANW,"Palo Alto Networks, Inc.",Software - Infrastructure,
LMT,Lockheed Martin Corporation,Aerospace & Defense,
FI,"Fiserv, Inc.",Information Technology Services,
SNY,Sanofi,Drug Manufacturers - General,
ADP,"Automatic Data Processing, Inc.",Software - Application,
ANET,"Arista Networks, Inc.",Computer Hardware,
SONY,Sony Group Corporation,Consumer Electronics,
BMY,Bristol-Myers Squibb Company,Drug Manufacturers - General,
VRTX,Vertex Pharmaceuticals Incorporated,Biotechnology,
CB,Chubb Limited,Insurance - Property & Casualty,
UPS,"United Parcel Service, Inc.",Integrated Freight & Logistics,
BUD,Anheuser-Busch InBev SA/NV,Beverages - Brewers,
SBUX,Starbucks Corporation,Restaurants,
DE,Deere & Company,Farm & Heavy Construction Machinery,
GILD,"Gilead Sciences, Inc.",Drug Manufacturers - General,
BA,The Boeing Company,Aerospace & Defense,
MMC,"Marsh & McLennan Companies, Inc.",Insurance Brokers,
NKE,"NIKE, Inc.",Footwear & Accessories,
APP,AppLovin Corporation,Software - Application,
PLD,"Prologis, Inc.",REIT - Industrial,
MDT,Medtronic plc,Medical Devices,
MU,"Micron Technology, Inc.",Semiconductors,
RIO,Rio Tinto Group,Other Industrial Metals & Mining,
IBN,ICICI Bank Limited,Banks - Regional,
ADI,"Analog Devices, Inc.",Semiconductors,
INTC,Intel Corporation,Semiconductors,
UBS,UBS Group AG,Banks - Diversified,
MSTR,MicroStrategy Incorporated,Software - Application,
TD,The Toronto-Dominion Bank,Banks - Diversified,
MELI,"MercadoLibre, Inc.",Internet Retail,
SO,The Southern Company,Utilities - Regulated Electric,
GEV,GE Vernova Inc.,Utilities - Renewable,
MO,"Altria Group, Inc.",Tobacco,
DELL,Dell Technologies Inc.,Computer Hardware,
AMT,American Tower Corporation,REIT - Specialty,
SPOT,Spotify Technology S.A.,Internet Content & Information,
ENB,Enbridge Inc.,Oil & Gas Midstream,
SHW,The Sherwin-Williams Company,Specialty Chemicals,
ELV,"Elevance Health, Inc.",Healthcare Plans,
SMFG,"Sumitomo Mitsui Financial Group, Inc.",Banks - Diversified,
APO,"Apollo Global Management, Inc.",Asset Management,
TT,Trane Technologies plc,Building Products & Equipment,
ICE,"Intercontinental Exchange, Inc.",Financial Data & Stock Exchanges,
LRCX,Lam Research Corporation,Semiconductor Equipment & Materials,
INFY,Infosys Limited,Information Technology Services,
CI,The Cigna Group,Healthcare Plans,
EQIX,"Equinix, Inc.",REIT - Specialty,
PBR,Petróleo Brasileiro S.A. - Petrobras,Oil & Gas Integrated,
PBR.A,Petróleo Brasileiro S.A. - Petrobras,Oil & Gas Integrated,
PH,Parker-Hannifin Corporation,Specialty Industrial Machinery,
DUK,Duke Energy Corporation,Utilities - Regulated Electric,
WM,"Waste Management, Inc.",Waste Management,
CTAS,Cintas Corporation,Specialty Business Services,
MDLZ,"Mondelez International, Inc.",Confectioners,
WELL,Welltower Inc.,REIT - Healthcare Facilities,
BN,Brookfield Corporation,Asset Management,
CRWD,"CrowdStrike Holdings, Inc.",Software - Infrastructure,
PYPL,"PayPal Holdings, Inc.",Credit Services,
APH,Amphenol Corporation,Electronic Components,
MCO,Moody's Corporation,Financial Data & Stock Exchanges,
ABNB,"Airbnb, Inc.",Travel Services,
RELX,RELX PLC,Specialty Business Services,
HCA,"HCA Healthcare, Inc.",Medical Care Facilities,
CME,CME Group Inc.,Financial Data & Stock Exchanges,
KLAC,KLA Corporation,Semiconductor Equipment & Materials,
SCCO,Southern Copper Corporation,Copper,
AON,Aon plc,Insurance Brokers,
MSI,"Motorola Solutions, Inc.",Communication Equipment,
CDNS,"Cadence Design Systems, Inc.",Software - Application,
SNPS,"Synopsys, Inc.",Software - Infrastructure,
BTI,British American Tobacco p.l.c.,Tobacco,
PNC,"The PNC Financial Services Group, Inc.",Banks - Regional,
REGN,"Regeneron Pharmaceuticals, Inc.",Biotechnology,
CMG,"Chipotle Mexican Grill, Inc.",Restaurants,
COIN,"Coinbase Global, Inc.",Financial Data & Stock Exchanges,
ZTS,Zoetis Inc.,Drug Manufacturers - Specialty & Generic,
USB,U.S. Bancorp,Banks - Regional,
IBKR,"Interactive Brokers Group, Inc.",Capital Markets,
ITW,Illinois Tool Works Inc.,Specialty Industrial Machinery,
MCK,McKesson Corporation,Medical Distribution,
MAR,"Marriott International, Inc.",Lodging,
GD,General Dynamics Corporation,Aerospace & Defense,
CL,Colgate-Palmolive Company,Household & Personal Products,
EOG,"EOG Resources, Inc.",Oil & Gas Exploration & Production,
BP,BP p.l.c.,Oil & Gas Integrated,
MRVL,"Marvell Technology, Inc.",Semiconductors,
RACE,Ferrari N.V.,Auto Manufacturers,
CEG,Constellation Energy Corporation,Utilities - Renewable,
EMR,Emerson Electric Co.,Specialty Industrial Machinery,
SAN,"Banco Santander, S.A.",Banks - Diversified,
APD,"Air Products and Chemicals, Inc.",Specialty Chemicals,
TRI,Thomson Reuters Corporation,Specialty Business Services,
WMB,"The Williams Companies, Inc.",Oil & Gas Midstream,
CVS,CVS Health Corporation,Healthcare Plans,
NOC,Northrop Grumman Corporation,Aerospace & Defense,
CNQ,Canadian Natural Resources Limited,Oil & Gas Exploration & Production,
FDX,FedEx Corporation,Integrated Freight & Logistics,
TDG,TransDigm Group Incorporated,Aerospace & Defense,
DASH,"DoorDash, Inc.",Internet Content & Information,
FTNT,"Fortinet, Inc.",Software - Infrastructure,
BNS,The Bank of Nova Scotia,Banks - Diversified,
MMM,3M Company,Conglomerates,
COF,Capital One Financial Corporation,Credit Services,
CP,Canadian Pacific Kansas City Limited,Railroads,
ORLY,"O'Reilly Automotive, Inc.",Specialty Retail,
EPD,Enterprise Products Partners L.P.,Oil & Gas Midstream,
ECL,Ecolab Inc.,Specialty Chemicals,
BMO,Bank of Montreal,Banks - Diversified,
WDAY,"Workday, Inc.",Software - Application,
SPG,"Simon Property Group, Inc.",REIT - Retail,
CRH,CRH plc,Building Materials,
GSK,GSK plc,Drug Manufacturers - General,
CNI,Canadian National Railway Company,Railroads,
CSX,CSX Corporation,Railroads,
CARR,Carrier Global Corporation,Building Products & Equipment,
DEO,Diageo plc,Beverages - Wineries & Distilleries,
OKE,"ONEOK, Inc.",Oil & Gas Midstream,
RSG,"Republic Services, Inc.",Waste Management,
EQNR,Equinor ASA,Oil & Gas Integrated,
ADSK,"Autodesk, Inc.",Software - Application,
SE,Sea Limited,Internet Retail,
NU,Nu Holdings Ltd.,Banks - Regional,
BDX,"Becton, Dickinson and Company",Medical Instruments & Supplies,
AJG,Arthur J. Gallagher & Co.,Insurance Brokers,
TEAM,Atlassian Corporation,Software - Application,
RCL,Royal Caribbean Cruises Ltd.,Travel Services,
FCX,Freeport-McMoRan Inc.,Copper,
DLR,"Digital Realty Trust, Inc.",REIT - Specialty,
MFG,"Mizuho Financial Group, Inc.",Banks - Regional,
KMI,"Kinder Morgan, Inc.",Oil & Gas Midstream,
ET,Energy Transfer LP,Oil & Gas Midstream,
TFC,Truist Financial Corporation,Banks - Regional,
CHTR,"Charter Communications, Inc.",Telecom Services,
AFL,Aflac Incorporated,Insurance - Life,
NGG,National Grid plc,Utilities - Regulated Electric,
SLB,Schlumberger Limited,Oil & Gas Equipment & Services,
CM,Canadian Imperial Bank of Commerce,Banks - Diversified,
HLT,Hilton Worldwide Holdings Inc.,Lodging,
GM,General Motors Company,Auto Manufacturers,
TTD,"The Trade Desk, Inc.",Software - Application,
SRE,Sempra,Utilities - Diversified,
NSC,Norfolk Southern Corporation,Railroads,
ROP,"Roper Technologies, Inc.",Software - Application,
TRV,"The Travelers Companies, Inc.",Insurance - Property & Casualty,
PSA,Public Storage,REIT - Industrial,
PCAR,PACCAR Inc,Farm & Heavy Construction Machinery,
MET,"MetLife, Inc.",Insurance - Life,
MFC,Manulife Financial Corporation,Insurance - Life,
GWW,"W.W. Grainger, Inc.",Industrial Distribution,
BBVA,"Banco Bilbao Vizcaya Argentaria, S.A.",Banks - Diversified,
TGT,Target Corporation,Discount Stores,
BK,The Bank of New York Mellon Corporation,Banks - Diversified,
NTES,"NetEase, Inc.",Electronic Gaming & Multimedia,
SQ,"Block, Inc.",Software - Infrastructure,
JCI,Johnson Controls International plc,Building Products & Equipment,
NXPI,NXP Semiconductors N.V.,Semiconductors,
ITUB,Itaú Unibanco Holding S.A.,Banks - Regional,
CPRT,"Copart, Inc.",Specialty Business Services,
FICO,Fair Isaac Corporation,Software - Application,
AMP,"Ameriprise Financial, Inc.",Asset Management,
PSX,Phillips 66,Oil & Gas Refining & Marketing,
URI,"United Rentals, Inc.",Rental & Leasing Services,
ARES,Ares Management Corporation,Asset Management,
FANG,"Diamondback Energy, Inc.",Oil & Gas Exploration & Production,
DHI,"D.R. Horton, Inc.",Residential Construction,
ALL,The Allstate Corporation,Insurance - Property & Casualty,
CVNA,Carvana Co.,Auto & Truck Dealerships,
VST,Vistra Corp.,Utilities - Independent Power Producers,
TRP,TC Energy Corporation,Oil & Gas Midstream,
MNST,Monster Beverage Corporation,Beverages - Non-Alcoholic,
AZO,"AutoZone, Inc.",Specialty Retail,
SU,Suncor Energy Inc.,Oil & Gas Integrated,
AEP,"American Electric Power Company, Inc.",Utilities - Regulated Electric,
VRT,Vertiv Holdings Co,Electrical Equipment & Parts,
JD,"JD.com, Inc.",Internet Retail,
MPC,Marathon Petroleum Corporation,Oil & Gas Refining & Marketing,
PAYX,"Paychex, Inc.",Software - Application,
O,Realty Income Corporation,REIT - Retail,
ING,ING Groep N.V.,Banks - Diversified,
CMI,Cummins Inc.,Specialty Industrial Machinery,
LNG,"Cheniere Energy, Inc.",Oil & Gas Midstream,
NEM,Newmont Corporation,Gold,
PWR,"Quanta Services, Inc.",Engineering & Construction,
MPLX,MPLX LP,Oil & Gas Midstream,
D,"Dominion Energy, Inc.",Utilities - Regulated Electric,
WCN,"Waste Connections, Inc.",Waste Management,
OXY,Occidental Petroleum Corporation,Oil & Gas Exploration & Production,
COR,"Cencora, Inc.",Medical Distribution,
HWM,Howmet Aerospace Inc.,Aerospace & Defense,
AIG,"American International Group, Inc.",Insurance - Diversified,
BCS,Barclays PLC,Banks - Diversified,
FLUT,Flutter Entertainment plc,Gambling,
FAST,Fastenal Company,Industrial Distribution,
FIS,"Fidelity National Information Services, Inc.",Information Technology Services,
NDAQ,"Nasdaq, Inc.",Financial Data & Stock Exchanges,
AXON,"Axon Enterprise, Inc.",Aerospace & Defense,
AMX,"América Móvil, S.A.B. de C.V.",Telecom Services,
DDOG,"Datadog, Inc.",Software - Application,
LHX,"L3Harris Technologies, Inc.",Aerospace & Defense,
ROST,"Ross Stores, Inc.",Apparel Retail,
E,Eni S.p.A.,Oil & Gas Integrated,
LEN,Lennar Corporation,Residential Construction,
MSCI,MSCI Inc.,Financial Data & Stock Exchanges,
CCI,Crown Castle Inc.,REIT - Specialty,
LEN.B,Lennar Corporation,Residential Construction,
KVUE,Kenvue Inc.,Household & Personal Products,
PCG,PG&E Corporation,Utilities - Regulated Electric,
KMB,Kimberly-Clark Corporation,Household & Personal Products,
ODFL,"Old Dominion Freight Line, Inc.",Trucking,
HES,Hess Corporation,Oil & Gas Exploration & Production,
PEG,Public Service Enterprise Group Incorporated,Utilities - Regulated Electric,
VLO,Valero Energy Corporation,Oil & Gas Refining & Marketing,
AME,"AMETEK, Inc.",Specialty Industrial Machinery,
TRGP,Targa Resources Corp.,Oil & Gas Midstream,
PRU,"Prudential Financial, Inc.",Insurance - Life,
TEL,TE Connectivity plc,Electronic Components,
EA,Electronic Arts Inc.,Electronic Gaming & Multimedia,
STZ,"Constellation Brands, Inc.",Beverages - Brewers,
DFS,Discover Financial Services,Credit Services,
SNOW,Snowflake Inc.,Software - Application,
CPNG,"Coupang, Inc.",Internet Retail,
F,Ford Motor Company,Auto Manufacturers,
TAK,Takeda Pharmaceutical Company Limited,Drug Manufacturers - Specialty & Generic,
BKR,Baker Hughes Company,Oil & Gas Equipment & Services,
KDP,Keurig Dr Pepper Inc.,Beverages - Non-Alcoholic,
VALE,Vale S.A.,Other Industrial Metals & Mining,
LYG,Lloyds Banking Group plc,Banks - Regional,
ALC,Alcon Inc.,Medical Instruments & Supplies,
TCOM,Trip.com Group Limited,Travel Services,
HLN,Haleon plc,Drug Manufacturers - Specialty & Generic,
KR,The Kroger Co.,Grocery Stores,
AEM,Agnico Eagle Mines Limited,Gold,
HMC,"Honda Motor Co., Ltd.",Auto Manufacturers,
IR,Ingersoll Rand Inc.,Specialty Industrial Machinery,
EW,Edwards Lifesciences Corporation,Medical Devices,
GLW,Corning Incorporated,Electronic Components,
FERG,Ferguson Enterprises Inc.,Industrial Distribution,
CTVA,"Corteva, Inc.",Agricultural Inputs,
XEL,Xcel Energy Inc.,Utilities - Regulated Electric,
NWG,NatWest Group plc,Banks - Regional,
DAL,"Delta Air Lines, Inc.",Airlines,
IT,"Gartner, Inc.",Information Technology Services,
VRSK,"Verisk Analytics, Inc.",Consulting Services,
OTIS,Otis Worldwide Corporation,Specialty Industrial Machinery,
CBRE,"CBRE Group, Inc.",Real Estate Services,
GRMN,Garmin Ltd.,Scientific & Technical Instruments,
IMO,Imperial Oil Limited,Oil & Gas Integrated,
EXC,Exelon Corporation,Utilities - Regulated Electric,
GEHC,GE HealthCare Technologies Inc.,Health Information Services,
HEI,HEICO Corporation,Aerospace & Defense,
CTSH,Cognizant Technology Solutions Corporation,Information Technology Services,
STLA,Stellantis N.V.,Auto Manufacturers,
KHC,The Kraft Heinz Company,Packaged Foods,
LULU,Lululemon Athletica Inc.,Apparel Retail,
YUM,"Yum! Brands, Inc.",Restaurants,
VMC,Vulcan Materials Company,Building Materials,
A,"Agilent Technologies, Inc.",Diagnostics & Research,
EXR,Extra Space Storage Inc.,REIT - Industrial,
SYY,Sysco Corporation,Food Distribution,
LVS,Las Vegas Sands Corp.,Resorts & Casinos,
MLM,"Martin Marietta Materials, Inc.",Building Materials,
ACGL,Arch Capital Group Ltd.,Insurance - Diversified,
HUBS,"HubSpot, Inc.",Software - Application,
HPQ,HP Inc.,Computer Hardware,
GIS,"General Mills, Inc.",Packaged Foods,
MTB,M&T Bank Corporation,Banks - Regional,
RMD,ResMed Inc.,Medical Instruments & Supplies,
IQV,IQVIA Holdings Inc.,Diagnostics & Research,
OWL,Blue Owl Capital Inc.,Asset Management,
HUM,Humana Inc.,Healthcare Plans,
WIT,Wipro Limited,Information Technology Services,
SLF,Sun Life Financial Inc.,Insurance - Diversified,
CCEP,Coca-Cola Europacific Partners PLC,Beverages - Non-Alcoholic,
HSY,The Hershey Company,Confectioners,
NUE,Nucor Corporation,Steel,
MCHP,Microchip Technology Incorporated,Semiconductors,
DD,"DuPont de Nemours, Inc.",Specialty Chemicals,
ARGX,argenx SE,Biotechnology,
IRM,Iron Mountain Incorporated,REIT - Specialty,
VEEV,Veeva Systems Inc.,Health Information Services,
WAB,Westinghouse Air Brake Technologies Corporation,Railroads,
HIG,"The Hartford Financial Services Group, Inc.",Insurance - Property & Casualty,
ABEV,Ambev S.A.,Beverages - Brewers,
VICI,VICI Properties Inc.,REIT - Diversified,
ED,"Consolidated Edison, Inc.",Utilities - Regulated Electric,
IDXX,"IDEXX Laboratories, Inc.",Diagnostics & Research,
RBLX,Roblox Corporation,Electronic Gaming & Multimedia,
EIX,Edison International,Utilities - Regulated Electric,
TPL,Texas Pacific Land Corporation,Oil & Gas Exploration & Production,
RJF,"Raymond James Financial, Inc.",Asset Management,
HEI.A,HEICO Corporation,Aerospace & Defense,
DB,Deutsche Bank Aktiengesellschaft,Banks - Regional,
TTWO,"Take-Two Interactive Software, Inc.",Electronic Gaming & Multimedia,
CCL,Carnival Corporation & plc,Travel Services,
ETR,Entergy Corporation,Utilities - Regulated Electric,
AVB,"AvalonBay Communities, Inc.",REIT - Residential,
HOOD,"Robinhood Markets, Inc.",Capital Markets,
CUK,Carnival Corporation & plc,Leisure,
NET,"Cloudflare, Inc.",Software - Infrastructure,
TW,Tradeweb Markets Inc.,Capital Markets,
ROK,"Rockwell Automation, Inc.",Specialty Industrial Machinery,
WEC,"WEC Energy Group, Inc.",Utilities - Regulated Electric,
FCNCA,"First Citizens BancShares, Inc.",Banks - Regional,
QSR,Restaurant Brands International Inc.,Restaurants,
BRO,"Brown & Brown, Inc.",Insurance Brokers,
LYV,"Live Nation Entertainment, Inc.",Entertainment,
FITB,Fifth Third Bancorp,Banks - Regional,
ALNY,"Alnylam Pharmaceuticals, Inc.",Biotechnology,
WTW,Willis Towers Watson Public Limited Company,Insurance Brokers,
GOLD,Barrick Gold Corporation,Gold,
FCNCO,"First Citizens BancShares, Inc.",Banks - Regional,
ZS,"Zscaler, Inc.",Software - Infrastructure,
DOW,Dow Inc.,Chemicals,
CSGP,"CoStar Group, Inc.",Real Estate Services,
BIDU,"Baidu, Inc.",Internet Content & Information,
WDS,Woodside Energy Group Ltd,Oil & Gas Exploration & Production,
UAL,"United Airlines Holdings, Inc.",Airlines,
EFX,Equifax Inc.,Consulting Services,
FMX,"Fomento Económico Mexicano, S.A.B. de C.V.",Beverages - Brewers,
CNC,Centene Corporation,Healthcare Plans,
ANSS,"ANSYS, Inc.",Software - Application,
XYL,Xylem Inc.,Specialty Industrial Machinery,
CHT,"Chunghwa Telecom Co., Ltd.",Telecom Services,
CVE,Cenovus Energy Inc.,Oil & Gas Integrated,
GPN,Global Payments Inc.,Specialty Business Services,
EBAY,eBay Inc.,Internet Retail,
EQR,Equity Residential,REIT - Residential,
DXCM,"DexCom, Inc.",Medical Devices,
IOT,Samsara Inc.,Software - Infrastructure,
TSCO,Tractor Supply Company,Specialty Retail,
CAH,"Cardinal Health, Inc.",Medical Distribution,
FER,Ferrovial SE,Infrastructure Operations,
WPM,Wheaton Precious Metals Corp.,Gold,
ON,ON Semiconductor Corporation,Semiconductors,
PPG,"PPG Industries, Inc.",Specialty Chemicals,
STT,State Street Corporation,Asset Management,
KEYS,"Keysight Technologies, Inc.",Scientific & Technical Instruments,
K,Kellanova,Packaged Foods,
HPE,Hewlett Packard Enterprise Company,Communication Equipment,
SW,Smurfit Westrock Plc,Packaging & Containers,
EQT,EQT Corporation,Oil & Gas Exploration & Production,
MPWR,"Monolithic Power Systems, Inc.",Semiconductors,
NVR,"NVR, Inc.",Residential Construction,
VTR,"Ventas, Inc.",REIT - Healthcare Facilities,
RKT,"Rocket Companies, Inc.",Mortgage Finance,
CHD,"Church & Dwight Co., Inc.",Household & Personal Products,
DOV,Dover Corporation,Specialty Industrial Machinery,
HAL,Halliburton Company,Oil & Gas Equipment & Services,
ERIC,Telefonaktiebolaget LM Ericsson (publ),Communication Equipment,
AWK,"American Water Works Company, Inc.",Utilities - Regulated Water,
LYB,LyondellBasell Industries N.V.,Specialty Chemicals,
DECK,Deckers Outdoor Corporation,Footwear & Accessories,
GDDY,GoDaddy Inc.,Software - Infrastructure,
PHM,"PulteGroup, Inc.",Residential Construction,
BR,"Broadridge Financial Solutions, Inc.",Information Technology Services,
FTV,Fortive Corporation,Scientific & Technical Instruments,
TROW,"T. Rowe Price Group, Inc.",Asset Management,
CQP,"Cheniere Energy Partners, L.P.",Oil & Gas Midstream,
TEF,"Telefónica, S.A.",Telecom Services,
CPAY,"Corpay, Inc.",Software - Infrastructure,
KB,KB Financial Group Inc.,Banks - Regional,
TYL,"Tyler Technologies, Inc.",Software - Application,
VLTO,Veralto Corporation,Pollution & Treatment Controls,
ADM,Archer-Daniels-Midland Company,Farm Products,
HBAN,Huntington Bancshares Incorporated,Banks - Regional,
DTE,DTE Energy Company,Utilities - Regulated Electric,
DVN,Devon Energy Corporation,Oil & Gas Exploration & Production,
PPL,PPL Corporation,Utilities - Regulated Electric,
SYF,Synchrony Financial,Credit Services,
CCJ,Cameco Corporation,Uranium,
BNTX,BioNTech SE,Biotechnology,
NTAP,"NetApp, Inc.",Computer Hardware,
BCE,BCE Inc.,Telecom Services,
GIB,CGI Inc.,Information Technology Services,
BEKE,KE Holdings Inc.,Real Estate Services,
AEE,Ameren Corporation,Utilities - Regulated Electric,
MTD,Mettler-Toledo International Inc.,Diagnostics & Research,
PBA,Pembina Pipeline Corporation,Oil & Gas Midstream,
TPG,TPG Inc.,Asset Management,
IX,ORIX Corporation,Financial Conglomerates,
PHG,Koninklijke Philips N.V.,Medical Devices,
ZM,"Zoom Video Communications, Inc.",Software - Application,
TECK,Teck Resources Limited,Other Industrial Metals & Mining,
WBD,"Warner Bros. Discovery, Inc.",Entertainment,
FE,FirstEnergy Corp.,Utilities - Regulated Electric,
HUBB,Hubbell Incorporated,Electrical Equipment & Parts,
BBD,Banco Bradesco S.A.,Banks - Regional,
BBDO,Banco Bradesco S.A.,Banks - Regional,
ROL,"Rollins, Inc.",Personal Services,
RF,Regions Financial Corporation,Banks - Regional,
TOST,"Toast, Inc.",Software - Infrastructure,
SBAC,SBA Communications Corporation,REIT - Specialty,
CINF,Cincinnati Financial Corporation,Insurance - Property & Casualty,
LPLA,LPL Financial Holdings Inc.,Capital Markets,
EME,"EMCOR Group, Inc.",Engineering & Construction,
BAM,Brookfield Asset Management Ltd.,Asset Management,
FNV,Franco-Nevada Corporation,Gold,
CDW,CDW Corporation,Information Technology Services,
VOD,Vodafone Group Public Limited Company,Telecom Services,
TU,TELUS Corporation,Telecom Services,
WRB,W. R. Berkley Corporation,Insurance - Property & Casualty,
EL,The Estée Lauder Companies Inc.,Household & Personal Products,
RDDT,"Reddit, Inc.",Internet Content & Information,
ATO,Atmos Energy Corporation,Utilities - Regulated Gas,
EXPE,"Expedia Group, Inc.",Travel Services,
LI,Li Auto Inc.,Auto Manufacturers,
NOK,Nokia Oyj,Communication Equipment,
EXE,Expand Energy Corporation,Oil & Gas Exploration & Production,
GFS,GlobalFoundries Inc.,Semiconductors,
IFF,International Flavors & Fragrances Inc.,Specialty Chemicals,
BIIB,Biogen Inc.,Drug Manufacturers - General,
PTC,PTC Inc.,Software - Application,
ES,Eversource Energy,Utilities - Regulated Electric,
TSN,"Tyson Foods, Inc.",Farm Products,
NTR,Nutrien Ltd.,Agricultural Inputs,
SYM,Symbotic Inc.,Specialty Industrial Machinery,
WY,Weyerhaeuser Company,REIT - Specialty,
TKO,"TKO Group Holdings, Inc.",Entertainment,
FTS,Fortis Inc.,Utilities - Regulated Electric,
WST,"West Pharmaceutical Services, Inc.",Medical Instruments & Supplies,
STM,STMicroelectronics N.V.,Semiconductors,
WDC,Western Digital Corporation,Computer Hardware,
LII,Lennox International Inc.,Building Products & Equipment,
ZBH,"Zimmer Biomet Holdings, Inc.",Medical Devices,
GRAB,Grab Holdings Limited,Software - Application,
WSM,"Williams-Sonoma, Inc.",Specialty Retail,
CBOE,"Cboe Global Markets, Inc.",Financial Data & Stock Exchanges,
ERIE,Erie Indemnity Company,Insurance Brokers,
NTRA,"Natera, Inc.",Diagnostics & Research,
TDY,Teledyne Technologies Incorporated,Scientific & Technical Instruments,
STLD,"Steel Dynamics, Inc.",Steel,
MKL,Markel Group Inc.,Insurance - Property & Casualty,
RYAAY,Ryanair Holdings plc,Airlines,
NTRS,Northern Trust Corporation,Asset Management,
LDOS,"Leidos Holdings, Inc.",Information Technology Services,
DKNG,DraftKings Inc.,Gambling,
PKG,Packaging Corporation of America,Packaging & Containers,
PUK,Prudential plc,Insurance - Life,
INVH,Invitation Homes Inc.,REIT - Residential,
ILMN,"Illumina, Inc.",Diagnostics & Research,
CLX,The Clorox Company,Household & Personal Products,
BGNE,"BeiGene, Ltd.",Biotechnology,
ASX,"ASE Technology Holding Co., Ltd.",Semiconductors,
FOXA,Fox Corporation,Entertainment,
STE,STERIS plc,Medical Devices,
KSPI,Joint Stock Company Kaspi.kz,Software - Infrastructure,
WAT,Waters Corporation,Diagnostics & Research,
STX,Seagate Technology Holdings plc,Computer Hardware,
MDB,"MongoDB, Inc.",Software - Infrastructure,
CMS,CMS Energy Corporation,Utilities - Regulated Electric,
UI,Ubiquiti Inc.,Communication Equipment,
FWONK,Formula One Group,Entertainment,
CNP,"CenterPoint Energy, Inc.",Utilities - Regulated Electric,
TS,Tenaris S.A.,Oil & Gas Equipment & Services,
MKC,"McCormick & Company, Incorporated",Packaged Foods,
FOX,Fox Corporation,Entertainment,
CFG,"Citizens Financial Group, Inc.",Banks - Regional,
MKC.V,"McCormick & Company, Incorporated",Packaged Foods,
FSLR,"First Solar, Inc.",Solar,
SHG,"Shinhan Financial Group Co., Ltd.",Banks - Regional,
BLDR,"Builders FirstSource, Inc.",Building Products & Equipment,
FWONA,Formula One Group,Entertainment,
WSO.B,"Watsco, Inc.",Industrial Distribution,
MT,ArcelorMittal S.A.,Steel,
ESS,"Essex Property Trust, Inc.",REIT - Residential,
WSO,"Watsco, Inc.",Industrial Distribution,
ZBRA,Zebra Technologies Corporation,Communication Equipment,
IP,International Paper Company,Packaging & Containers,
AFRM,"Affirm Holdings, Inc.",Software - Infrastructure,
LH,Labcorp Holdings Inc.,Diagnostics & Research,
COO,"The Cooper Companies, Inc.",Medical Instruments & Supplies,
PINS,"Pinterest, Inc.",Internet Content & Information,
CSL,Carlisle Companies Incorporated,Building Products & Equipment,
RCI,Rogers Communications Inc.,Telecom Services,
CTRA,Coterra Energy Inc.,Oil & Gas Exploration & Production,
NRG,"NRG Energy, Inc.",Utilities - Independent Power Producers,
PFG,"Principal Financial Group, Inc.",Asset Management,
CHKP,Check Point Software Technologies Ltd.,Software - Infrastructure,
OMC,Omnicom Group Inc.,Advertising Agencies,
TEVA,Teva Pharmaceutical Industries Limited,Drug Manufacturers - Specialty & Generic,
BF.B,Brown-Forman Corporation,Beverages - Wineries & Distilleries,
IHG,InterContinental Hotels Group PLC,Lodging,
DRI,"Darden Restaurants, Inc.",Restaurants,
MAA,"Mid-America Apartment Communities, Inc.",REIT - Residential,
LUV,Southwest Airlines Co.,Airlines,
BF.A,Brown-Forman Corporation,Beverages - Wineries & Distilleries,
KEY,KeyCorp,Banks - Regional,
VIK,Viking Holdings Ltd,Travel Services,
TRU,TransUnion,Financial Data & Stock Exchanges,
BBY,"Best Buy Co., Inc.",Specialty Retail,
SNA,Snap-on Incorporated,Tools & Accessories,
PODD,Insulet Corporation,Medical Devices,
RYAN,"Ryan Specialty Holdings, Inc.",Insurance - Specialty,
L,Loews Corporation,Insurance - Property & Casualty,
NTNX,"Nutanix, Inc.",Software - Infrastructure,
ARE,"Alexandria Real Estate Equities, Inc.",REIT - Office,
HOLX,"Hologic, Inc.",Medical Instruments & Supplies,
CG,The Carlyle Group Inc.,Asset Management,
FDS,FactSet Research Systems Inc.,Financial Data & Stock Exchanges,
JBHT,"J.B. Hunt Transport Services, Inc.",Integrated Freight & Logistics,
TME,Tencent Music Entertainment Group,Internet Content & Information,
SSNC,"SS&C Technologies Holdings, Inc.",Software - Application,
YUMC,"Yum China Holdings, Inc.",Restaurants,
DGX,Quest Diagnostics Incorporated,Diagnostics & Research,
GFL,GFL Environmental Inc.,Waste Management,
BALL,Ball Corporation,Packaging & Containers,
GEN,Gen Digital Inc.,Software - Infrastructure,
SNAP,Snap Inc.,Internet Content & Information,
NMR,"Nomura Holdings, Inc.",Capital Markets,
BAH,Booz Allen Hamilton Holding Corporation,Consulting Services,
AER,AerCap Holdings N.V.,Rental & Leasing Services,
CRBG,"Corebridge Financial, Inc.",Asset Management,
Z,"Zillow Group, Inc.",Internet Content & Information,
UMC,United Microelectronics Corporation,Semiconductors,
NI,NiSource Inc.,Utilities - Regulated Gas,
RPM,RPM International Inc.,Specialty Chemicals,
PNR,Pentair plc,Specialty Industrial Machinery,
WMG,Warner Music Group Corp.,Entertainment,
VRSN,"VeriSign, Inc.",Software - Infrastructure,
RBA,"RB Global, Inc.",Specialty Business Services,
FTAI,FTAI Aviation Ltd.,Rental & Leasing Services,
ZG,"Zillow Group, Inc.",Internet Content & Information,
ONON,On Holding AG,Footwear & Accessories,
NWS,News Corporation,Entertainment,
TRMB,Trimble Inc.,Scientific & Technical Instruments,
KIM,Kimco Realty Corporation,REIT - Retail,
GPC,Genuine Parts Company,Auto Parts,
BURL,"Burlington Stores, Inc.",Apparel Retail,
RS,"Reliance, Inc.",Steel,
IEX,IDEX Corporation,Specialty Industrial Machinery,
TLK,Perusahaan Perseroan (Persero) PT Telekomunikasi Indonesia Tbk,Telecom Services,
XPO,"XPO, Inc.",Trucking,
FIX,"Comfort Systems USA, Inc.",Engineering & Construction,
TER,"Teradyne, Inc.",Semiconductor Equipment & Materials,
EC,Ecopetrol S.A.,Oil & Gas Integrated,
MOH,"Molina Healthcare, Inc.",Healthcare Plans,
MAS,Masco Corporation,Building Products & Equipment,
ICLR,ICON Public Limited Company,Diagnostics & Research,
ALGN,"Align Technology, Inc.",Medical Instruments & Supplies,
J,Jacobs Solutions Inc.,Engineering & Construction,
SUI,"Sun Communities, Inc.",REIT - Residential,
EXPD,"Expeditors International of Washington, Inc.",Integrated Freight & Logistics,
OC,Owens Corning,Building Products & Equipment,
FNF,"Fidelity National Financial, Inc.",Insurance - Specialty,
UDR,"UDR, Inc.",REIT - Residential,
KOF,"Coca-Cola FEMSA, S.A.B. de C.V.",Beverages - Non-Alcoholic,
MANH,"Manhattan Associates, Inc.",Software - Application,
HRL,Hormel Foods Corporation,Packaged Foods,
BAX,Baxter International Inc.,Medical Instruments & Supplies,
NWSA,News Corporation,Entertainment,
WLK,Westlake Corporation,Specialty Chemicals,
BSBR,Banco Santander (Brasil) S.A.,Banks - Regional,
GWRE,"Guidewire Software, Inc.",Software - Application,
PKX,POSCO Holdings Inc.,Steel,
UTHR,United Therapeutics Corporation,Biotechnology,
PSTG,"Pure Storage, Inc.",Computer Hardware,
LINE,"Lineage, Inc.",REIT - Industrial,
MRO,Marathon Oil Corporation,Oil & Gas Exploration & Production,
ULTA,"Ulta Beauty, Inc.",Specialty Retail,
DG,Dollar General Corporation,Discount Stores,
CAVA,"CAVA Group, Inc.",Restaurants,
EG,"Everest Group, Ltd.",Insurance - Reinsurance,
DKS,"DICK'S Sporting Goods, Inc.",Specialty Retail,
LNT,Alliant Energy Corporation,Utilities - Regulated Electric,
ZTO,ZTO Express (Cayman) Inc.,Integrated Freight & Logistics,
DOCU,"DocuSign, Inc.",Software - Application,
AMH,American Homes 4 Rent,REIT - Residential,
BIP,Brookfield Infrastructure Partners L.P.,Utilities - Diversified,
AVY,Avery Dennison Corporation,Packaging & Containers,
SOFI,"SoFi Technologies, Inc.",Credit Services,
VTRS,Viatris Inc.,Drug Manufacturers - Specialty & Generic,
AZPN,"Aspen Technology, Inc.",Software - Application,
COHR,Coherent Corp.,Scientific & Technical Instruments,
FLEX,Flex Ltd.,Electronic Components,
YPF,YPF Sociedad Anónima,Oil & Gas Integrated,
USFD,US Foods Holding Corp.,Food Distribution,
DOC,"Healthpeak Properties, Inc.",REIT - Healthcare Facilities,
CF,"CF Industries Holdings, Inc.",Agricultural Inputs,
JHX,James Hardie Industries plc,Building Materials,
SMCI,"Super Micro Computer, Inc.",Computer Hardware,
RPRX,Royalty Pharma plc,Biotechnology,
JEF,Jefferies Financial Group Inc.,Capital Markets,
TOL,"Toll Brothers, Inc.",Residential Construction,
ALAB,"Astera Labs, Inc.",Semiconductors,
BAP,Credicorp Ltd.,Banks - Regional,
DT,"Dynatrace, Inc.",Software - Application,
CASY,"Casey's General Stores, Inc.",Specialty Retail,
TXT,Textron Inc.,Aerospace & Defense,
DPZ,"Domino's Pizza, Inc.",Restaurants,
RGA,"Reinsurance Group of America, Incorporated",Insurance - Reinsurance,
TWLO,Twilio Inc.,Software - Infrastructure,
ENTG,"Entegris, Inc.",Semiconductor Equipment & Materials,
GGG,Graco Inc.,Specialty Industrial Machinery,
VIV,Telefônica Brasil S.A.,Telecom Services,
BSY,"Bentley Systems, Incorporated",Software - Application,
EVRG,"Evergy, Inc.",Utilities - Regulated Electric,
AMCR,Amcor plc,Packaging & Containers,
H,Hyatt Hotels Corporation,Lodging,
EQH,"Equitable Holdings, Inc.",Insurance - Diversified,
ACM,AECOM,Engineering & Construction,
JBL,Jabil Inc.,Electronic Components,
MRNA,"Moderna, Inc.",Biotechnology,
EWBC,"East West Bancorp, Inc.",Banks - Regional,
SMMT,Summit Therapeutics Inc.,Biotechnology,
THC,Tenet Healthcare Corporation,Medical Care Facilities,
DUOL,"Duolingo, Inc.",Software - Application,
GLPI,"Gaming and Leisure Properties, Inc.",REIT - Specialty,
NDSN,Nordson Corporation,Specialty Industrial Machinery,
WES,"Western Midstream Partners, LP",Oil & Gas Midstream,
CHWY,"Chewy, Inc.",Internet Retail,
MORN,"Morningstar, Inc.",Financial Data & Stock Exchanges,
SFM,"Sprouts Farmers Market, Inc.",Grocery Stores,
ELS,"Equity LifeStyle Properties, Inc.",REIT - Residential,
EBR,Centrais Elétricas Brasileiras S.A. - Eletrobrás,Utilities - Renewable,
CNH,CNH Industrial N.V.,Farm & Heavy Construction Machinery,
FFIV,"F5, Inc.",Software - Infrastructure,
BXP,"BXP, Inc.",REIT - Office,
ARCC,Ares Capital Corporation,Asset Management,
AGR,"Avangrid, Inc.",Utilities - Regulated Electric,
MBLY,Mobileye Global Inc.,Auto Parts,
EDR,"Endeavor Group Holdings, Inc.",Entertainment,
RNR,RenaissanceRe Holdings Ltd.,Insurance - Reinsurance,
SN,"SharkNinja, Inc.","Furnishings, Fixtures & Appliances",
AVTR,"Avantor, Inc.",Medical Instruments & Supplies,
POOL,Pool Corporation,Industrial Distribution,
CW,Curtiss-Wright Corporation,Aerospace & Defense,
SAIA,"Saia, Inc.",Trucking,
INCY,Incyte Corporation,Biotechnology,
CYBR,CyberArk Software Ltd.,Software - Infrastructure,
DLTR,"Dollar Tree, Inc.",Discount Stores,
REG,Regency Centers Corporation,REIT - Retail,
GFI,Gold Fields Limited,Gold,
RVTY,"Revvity, Inc.",Diagnostics & Research,
UHAL,U-Haul Holding Company,Rental & Leasing Services,
SWK,"Stanley Black & Decker, Inc.",Tools & Accessories,
SWKS,"Skyworks Solutions, Inc.",Semiconductors,
CLH,"Clean Harbors, Inc.",Waste Management,
UNM,Unum Group,Insurance - Life,
CNA,CNA Financial Corporation,Insurance - Property & Casualty,
CPT,Camden Property Trust,REIT - Residential,
CPB,Campbell Soup Company,Packaged Foods,
LAMR,Lamar Advertising Company,REIT - Specialty,
GMAB,Genmab A/S,Biotechnology,
AKAM,"Akamai Technologies, Inc.",Software - Infrastructure,
DVA,DaVita Inc.,Medical Care Facilities,
SUZ,Suzano S.A.,Paper & Paper Products,
FMS,Fresenius Medical Care AG,Medical Care Facilities,
TPR,"Tapestry, Inc.",Luxury Goods,
RTO,Rentokil Initial plc,Specialty Business Services,
EPAM,"EPAM Systems, Inc.",Information Technology Services,
CHRW,"C.H. Robinson Worldwide, Inc.",Integrated Freight & Logistics,
TXRH,"Texas Roadhouse, Inc.",Restaurants,
PFGC,Performance Food Group Company,Food Distribution,
CAG,"Conagra Brands, Inc.",Packaged Foods,
MNDY,monday.com Ltd.,Software - Application,
INSM,Insmed Incorporated,Biotechnology,
HLI,"Houlihan Lokey, Inc.",Capital Markets,
UHS,"Universal Health Services, Inc.",Medical Care Facilities,
ALB,Albemarle Corporation,Specialty Chemicals,
EVR,Evercore Inc.,Capital Markets,
TAP.A,Molson Coors Beverage Company,Beverages - Brewers,
LBRDK,Liberty Broadband Corporation,Telecom Services,
RL,Ralph Lauren Corporation,Apparel Manufacturing,
FUTU,Futu Holdings Limited,Capital Markets,
TAP,Molson Coors Beverage Company,Beverages - Brewers,
OKTA,"Okta, Inc.",Software - Infrastructure,
JKHY,"Jack Henry & Associates, Inc.",Information Technology Services,
APTV,Aptiv PLC,Auto Parts,
WPC,W. P. Carey Inc.,REIT - Diversified,
GME,GameStop Corp.,Specialty Retail,
LBRDA,Liberty Broadband Corporation,Telecom Services,
BG,Bunge Global SA,Farm Products,
PPC,Pilgrim's Pride Corporation,Packaged Foods,
FTI,TechnipFMC plc,Oil & Gas Equipment & Services,
SCI,Service Corporation International,Personal Services,
MGA,Magna International Inc.,Auto Parts,
PR,Permian Resources Corporation,Oil & Gas Exploration & Production,
ITT,ITT Inc.,Specialty Industrial Machinery,
PAA,"Plains All American Pipeline, L.P.",Oil & Gas Midstream,
NBIX,"Neurocrine Biosciences, Inc.",Drug Manufacturers - Specialty & Generic,
KGC,Kinross Gold Corporation,Gold,
BEP,Brookfield Renewable Partners L.P.,Utilities - Renewable,
NVT,nVent Electric plc,Electrical Equipment & Parts,
PAYC,"Paycom Software, Inc.",Software - Application,
XPEV,XPeng Inc.,Auto Manufacturers,
JLL,Jones Lang LaSalle Incorporated,Real Estate Services,
HST,"Host Hotels & Resorts, Inc.",REIT - Hotel & Motel,
TFII,TFI International Inc.,Trucking,
SJM,The J. M. Smucker Company,Packaged Foods,
RDY,Dr. Reddy's Laboratories Limited,Drug Manufacturers - Specialty & Generic,
UHAL.B,U-Haul Holding Company,Rental & Leasing Services,
ALLE,Allegion plc,Security & Protection Services,
BMRN,BioMarin Pharmaceutical Inc.,Biotechnology,
JNPR,"Juniper Networks, Inc.",Communication Equipment,
OVV,Ovintiv Inc.,Oil & Gas Exploration & Production,
BWXT,"BWX Technologies, Inc.",Aerospace & Defense,
EMN,Eastman Chemical Company,Specialty Chemicals,
AA,Alcoa Corporation,Aluminum,
WIX,Wix.com Ltd.,Software - Infrastructure,
KMX,"CarMax, Inc.",Auto & Truck Dealerships,
DAY,Dayforce Inc.,Software - Application,
BCH,Banco de Chile,Banks - Regional,
AFG,"American Financial Group, Inc.",Insurance - Property & Casualty,
SBS,Companhia de Saneamento Básico do Estado de São Paulo - SABESP,Utilities - Regulated Water,
MMYT,MakeMyTrip Limited,Travel Services,
SOLV,Solventum Corporation,Health Information Services,
SF,Stifel Financial Corp.,Capital Markets,
LOGI,Logitech International S.A.,Computer Hardware,
NCLH,Norwegian Cruise Line Holdings Ltd.,Travel Services,
BEPC,Brookfield Renewable Corporation,Utilities - Renewable,
HTHT,H World Group Limited,Lodging,
LECO,"Lincoln Electric Holdings, Inc.",Tools & Accessories,
AIZ,"Assurant, Inc.",Insurance - Property & Casualty,
GMED,"Globus Medical, Inc.",Medical Devices,
SQM,Sociedad Química y Minera de Chile S.A.,Specialty Chemicals,
BEN,"Franklin Resources, Inc.",Asset Management,
BJ,"BJ's Wholesale Club Holdings, Inc.",Discount Stores,
RRX,Regal Rexnord Corporation,Specialty Industrial Machinery,
ACI,"Albertsons Companies, Inc.",Grocery Stores,
ATR,"AptarGroup, Inc.",Medical Instruments & Supplies,
OHI,"Omega Healthcare Investors, Inc.",REIT - Healthcare Facilities,
CUBE,CubeSmart,REIT - Industrial,
WPP,WPP plc,Advertising Agencies,
ESLT,Elbit Systems Ltd.,Aerospace & Defense,
MTZ,"MasTec, Inc.",Engineering & Construction,
NICE,NICE Ltd.,Software - Application,
KNSL,"Kinsale Capital Group, Inc.",Insurance - Property & Casualty,
NLY,"Annaly Capital Management, Inc.",REIT - Mortgage,
MGM,MGM Resorts International,Resorts & Casinos,
KEP,Korea Electric Power Corporation,Utilities - Regulated Electric,
SNN,Smith & Nephew plc,Medical Devices,
PCTY,Paylocity Holding Corporation,Software - Application,
TTEK,"Tetra Tech, Inc.",Engineering & Construction,
HLNE,Hamilton Lane Incorporated,Asset Management,
ALLY,Ally Financial Inc.,Credit Services,
WTRG,"Essential Utilities, Inc.",Utilities - Regulated Water,
PCVX,"Vaxcyte, Inc.",Biotechnology,
LW,"Lamb Weston Holdings, Inc.",Packaged Foods,
TECH,Bio-Techne Corporation,Biotechnology,
FND,"Floor & Decor Holdings, Inc.",Home Improvement Retail,
TLN,Talen Energy Corporation,Utilities - Independent Power Producers,
CTLT,"Catalent, Inc.",Drug Manufacturers - Specialty & Generic,
GNRC,Generac Holdings Inc.,Specialty Industrial Machinery,
CCK,"Crown Holdings, Inc.",Packaging & Containers,
COKE,"Coca-Cola Consolidated, Inc.",Beverages - Non-Alcoholic,
MUSA,Murphy USA Inc.,Specialty Retail,
FHN,First Horizon Corporation,Banks - Regional,
AAON,"AAON, Inc.",Building Products & Equipment,
CART,Maplebear Inc.,Internet Retail,
PRMB,Primo Brands Corporation,,
SRPT,"Sarepta Therapeutics, Inc.",Biotechnology,
PAG,"Penske Automotive Group, Inc.",Auto & Truck Dealerships,
ULS,UL Solutions Inc.,Specialty Business Services,
AS,"Amer Sports, Inc.",Leisure,
IPG,"The Interpublic Group of Companies, Inc.",Advertising Agencies,
PNW,Pinnacle West Capital Corporation,Utilities - Regulated Electric,
RIVN,"Rivian Automotive, Inc.",Auto Manufacturers,
MLI,"Mueller Industries, Inc.",Metal Fabrication,
AOS,A. O. Smith Corporation,Specialty Industrial Machinery,
AU,AngloGold Ashanti plc,Gold,
AEG,Aegon Ltd.,Insurance - Diversified,
BLD,TopBuild Corp.,Engineering & Construction,
SEIC,SEI Investments Company,Asset Management,
AR,Antero Resources Corporation,Oil & Gas Exploration & Production,
PCOR,"Procore Technologies, Inc.",Software - Application,
WWD,"Woodward, Inc.",Aerospace & Defense,
AIT,"Applied Industrial Technologies, Inc.",Industrial Distribution,
CHDN,Churchill Downs Incorporated,Gambling,
PSO,Pearson plc,Publishing,
WBS,Webster Financial Corporation,Banks - Regional,
WMS,"Advanced Drainage Systems, Inc.",Building Products & Equipment,
CLS,Celestica Inc.,Electronic Components,
ARMK,Aramark,Specialty Business Services,
VNOM,"Viper Energy, Inc.",Oil & Gas Midstream,
CR,Crane Company,Specialty Industrial Machinery,
RKLB,"Rocket Lab USA, Inc.",Aerospace & Defense,
ROKU,"Roku, Inc.",Entertainment,
EXP,Eagle Materials Inc.,Building Materials,
MKTX,MarketAxess Holdings Inc.,Capital Markets,
PSN,Parsons Corporation,Information Technology Services,
WCC,"WESCO International, Inc.",Industrial Distribution,
EHC,Encompass Health Corporation,Medical Care Facilities,
RBC,RBC Bearings Incorporated,Tools & Accessories,
ALSN,"Allison Transmission Holdings, Inc.",Auto Parts,
WYNN,"Wynn Resorts, Limited",Resorts & Casinos,
DTM,"DT Midstream, Inc.",Oil & Gas Midstream,
CACI,CACI International Inc,Information Technology Services,
MEDP,"Medpace Holdings, Inc.",Diagnostics & Research,
PRI,"Primerica, Inc.",Insurance - Life,
LAD,"Lithia Motors, Inc.",Auto & Truck Dealerships,
NIO,NIO Inc.,Auto Manufacturers,
AUR,"Aurora Innovation, Inc.",Information Technology Services,
EXEL,"Exelixis, Inc.",Biotechnology,
EXAS,Exact Sciences Corporation,Diagnostics & Research,
YMM,Full Truck Alliance Co. Ltd.,Software - Application,
SNX,TD SYNNEX Corporation,Electronics & Computer Distribution,
REXR,"Rexford Industrial Realty, Inc.",REIT - Industrial,
LKQ,LKQ Corporation,Auto Parts,
APG,APi Group Corporation,Engineering & Construction,
BRBR,"BellRing Brands, Inc.",Packaged Foods,
RGLD,"Royal Gold, Inc.",Gold,
AES,The AES Corporation,Utilities - Diversified,
DSGX,The Descartes Systems Group Inc.,Software - Application,
FRT,Federal Realty Investment Trust,REIT - Retail,
WING,Wingstop Inc.,Restaurants,
BNT,Brookfield Wealth Solutions Ltd.,Insurance - Diversified,
WAL,Western Alliance Bancorporation,Banks - Regional,
AYI,"Acuity Brands, Inc.",Electrical Equipment & Parts,
CIEN,Ciena Corporation,Communication Equipment,
GTLB,GitLab Inc.,Software - Infrastructure,
UWMC,UWM Holdings Corporation,Mortgage Finance,
RVMD,"Revolution Medicines, Inc.",Biotechnology,
DOX,Amdocs Limited,Software - Infrastructure,
CRL,"Charles River Laboratories International, Inc.",Diagnostics & Research,
STN,Stantec Inc.,Engineering & Construction,
ORI,Old Republic International Corporation,Insurance - Property & Casualty,
SARO,"StandardAero, Inc.",Aerospace & Defense,
DOCS,"Doximity, Inc.",Health Information Services,
PAC,"Grupo Aeroportuario del Pacífico, S.A.B. de C.V.",Airports & Air Services,
PNFP,"Pinnacle Financial Partners, Inc.",Banks - Regional,
FBIN,"Fortune Brands Innovations, Inc.",Building Products & Equipment,
GGAL,Grupo Financiero Galicia S.A.,Banks - Regional,
CFLT,"Confluent, Inc.",Software - Infrastructure,
INGR,Ingredion Incorporated,Packaged Foods,
KVYO,"Klaviyo, Inc.",Software - Infrastructure,
BIO,"Bio-Rad Laboratories, Inc.",Medical Devices,
TPX,"Tempur Sealy International, Inc.","Furnishings, Fixtures & Appliances",
AAL,American Airlines Group Inc.,Airlines,
FOUR,"Shift4 Payments, Inc.",Software - Infrastructure,
EDU,New Oriental Education & Technology Group Inc.,Education & Training Services,
VFS,VinFast Auto Ltd.,Auto Manufacturers,
DRS,"Leonardo DRS, Inc.",Aerospace & Defense,
CRS,Carpenter Technology Corporation,Metal Fabrication,
GL,Globe Life Inc.,Insurance - Life,
BSAC,Banco Santander-Chile,Banks - Regional,
HSIC,"Henry Schein, Inc.",Medical Distribution,
MTSI,"MACOM Technology Solutions Holdings, Inc.",Semiconductors,
CBSH,"Commerce Bancshares, Inc.",Banks - Regional,
PEN,"Penumbra, Inc.",Medical Devices,
BIO.B,"Bio-Rad Laboratories, Inc.",Medical Devices,
FLR,Fluor Corporation,Engineering & Construction,
QGEN,Qiagen N.V.,Diagnostics & Research,
KNX,Knight-Swift Transportation Holdings Inc.,Trucking,
ESTC,Elastic N.V.,Software - Application,
CNM,"Core & Main, Inc.",Industrial Distribution,
BILL,"BILL Holdings, Inc.",Software - Application,
SKX,"Skechers U.S.A., Inc.",Footwear & Accessories,
GLOB,Globant S.A.,Information Technology Services,
DCI,"Donaldson Company, Inc.",Specialty Industrial Machinery,
X,United States Steel Corporation,Steel,
BRX,Brixmor Property Group Inc.,REIT - Retail,
HQY,"HealthEquity, Inc.",Health Information Services,
CMA,Comerica Incorporated,Banks - Regional,
ALTR,Altair Engineering Inc.,Software - Infrastructure,
TEM,"Tempus AI, Inc",Health Information Services,
ITCI,"Intra-Cellular Therapies, Inc.",Drug Manufacturers - Specialty & Generic,
WF,Woori Financial Group Inc.,Banks - Regional,
BROS,Dutch Bros Inc.,Restaurants,
TFX,Teleflex Incorporated,Medical Instruments & Supplies,
CFR,"Cullen/Frost Bankers, Inc.",Banks - Regional,
WTFC,Wintrust Financial Corporation,Banks - Regional,
MASI,Masimo Corporation,Medical Devices,
SKM,"SK Telecom Co., Ltd.",Telecom Services,
ZION,"Zions Bancorporation, National Association",Banks - Regional,
OGE,OGE Energy Corp.,Utilities - Regulated Electric,
FYBR,"Frontier Communications Parent, Inc.",Telecom Services,
RRC,Range Resources Corporation,Oil & Gas Exploration & Production,
BIRK,Birkenstock Holding plc,Footwear & Accessories,
S,"SentinelOne, Inc.",Software - Infrastructure,
SIRI,Sirius XM Holdings Inc.,Entertainment,
HAS,"Hasbro, Inc.",Leisure,
MHK,"Mohawk Industries, Inc.","Furnishings, Fixtures & Appliances",
AGNC,AGNC Investment Corp.,REIT - Mortgage,
NYT,The New York Times Company,Publishing,
GPK,Graphic Packaging Holding Company,Packaging & Containers,
EGP,"EastGroup Properties, Inc.",REIT - Industrial,
VNO,Vornado Realty Trust,REIT - Office,
LTM,LATAM Airlines Group S.A.,Airlines,
SUM,"Summit Materials, Inc.",Building Materials,
U,Unity Software Inc.,Software - Application,
AXTA,Axalta Coating Systems Ltd.,Specialty Chemicals,
FSV,FirstService Corporation,Real Estate Services,
XP,XP Inc.,Capital Markets,
ENPH,"Enphase Energy, Inc.",Solar,
TTC,The Toro Company,Tools & Accessories,
CIB,Bancolombia S.A.,Banks - Regional,
CHE,Chemed Corporation,Medical Care Facilities,
DBX,"Dropbox, Inc.",Software - Infrastructure,
PAAS,Pan American Silver Corp.,Gold,
ATI,ATI Inc.,Metal Fabrication,
PLNT,"Planet Fitness, Inc.",Leisure,
APA,APA Corporation,Oil & Gas Exploration & Production,
ROIV,Roivant Sciences Ltd.,Biotechnology,
FN,Fabrinet,Electronic Components,
NNN,"NNN REIT, Inc.",REIT - Retail,
APPF,"AppFolio, Inc.",Software - Application,
ASR,"Grupo Aeroportuario del Sureste, S. A. B. de C. V.",Airports & Air Services,
ENSG,"The Ensign Group, Inc.",Medical Care Facilities,
LNW,"Light & Wonder, Inc.",Gambling,
RBRK,"Rubrik, Inc.",Software - Infrastructure,
MOS,The Mosaic Company,Agricultural Inputs,
BRKR,Bruker Corporation,Medical Devices,
BILI,Bilibili Inc.,Electronic Gaming & Multimedia,
GLBE,Global-E Online Ltd.,Internet Retail,
HESM,Hess Midstream LP,Oil & Gas Midstream,
MRNO,Murano Global Investments Plc,Real Estate - Development,
ADC,Agree Realty Corporation,REIT - Retail,
RLI,RLI Corp.,Insurance - Property & Casualty,
VERX,"Vertex, Inc.",Software - Application,
CE,Celanese Corporation,Chemicals,
DINO,HF Sinclair Corporation,Oil & Gas Refining & Marketing,
SSB,SouthState Corporation,Banks - Regional,
ONTO,Onto Innovation Inc.,Semiconductor Equipment & Materials,
AGI,Alamos Gold Inc.,Gold,
CHRD,Chord Energy Corporation,Oil & Gas Exploration & Production,
CZR,"Caesars Entertainment, Inc.",Resorts & Casinos,
OLED,Universal Display Corporation,Electronic Components,
CX,"CEMEX, S.A.B. de C.V.",Building Materials,
FLS,Flowserve Corporation,Specialty Industrial Machinery,
BERY,"Berry Global Group, Inc.",Packaging & Containers,
INFA,Informatica Inc.,Software - Infrastructure,
LPX,Louisiana-Pacific Corporation,Building Products & Equipment,
SMAR,Smartsheet Inc.,Software - Application,
GKOS,Glaukos Corporation,Medical Devices,
IVZ,Invesco Ltd.,Asset Management,
LOAR,Loar Holdings Inc.,Aerospace & Defense,
G,Genpact Limited,Information Technology Services,
LUMN,"Lumen Technologies, Inc.",Telecom Services,
PB,"Prosperity Bancshares, Inc.",Banks - Regional,
SNV,Synovus Financial Corp.,Banks - Regional,
UFPI,"UFP Industries, Inc.",Lumber & Wood Production,
KBR,"KBR, Inc.",Engineering & Construction,
HRB,"H&R Block, Inc.",Personal Services,
VOYA,"Voya Financial, Inc.",Financial Conglomerates,
KT,KT Corporation,Telecom Services,
MTCH,"Match Group, Inc.",Internet Content & Information,
GAP,"The Gap, Inc.",Apparel Retail,
SPXC,"SPX Technologies, Inc.",Building Products & Equipment,
CWAN,"Clearwater Analytics Holdings, Inc.",Software - Application,
STEP,StepStone Group Inc.,Asset Management,
GIL,Gildan Activewear Inc.,Apparel Manufacturing,
DLB,"Dolby Laboratories, Inc.",Specialty Business Services,
SSD,"Simpson Manufacturing Co., Inc.",Lumber & Wood Production,
ALV,"Autoliv, Inc.",Auto Parts,
HII,"Huntington Ingalls Industries, Inc.",Aerospace & Defense,
OTEX,Open Text Corporation,Software - Application,
CCCS,CCC Intelligent Solutions Holdings Inc.,Software - Application,
FRPT,"Freshpet, Inc.",Packaged Foods,
WFG,West Fraser Timber Co. Ltd.,Lumber & Wood Production,
VFC,V.F. Corporation,Apparel Manufacturing,
AM,Antero Midstream Corporation,Oil & Gas Midstream,
CVLT,"Commvault Systems, Inc.",Software - Application,
RGEN,Repligen Corporation,Medical Instruments & Supplies,
PARAA,Paramount Global,Entertainment,
PEGA,Pegasystems Inc.,Software - Application,
LEGN,Legend Biotech Corporation,Biotechnology,
BOKF,BOK Financial Corporation,Banks - Regional,
ASND,Ascendis Pharma A/S,Biotechnology,
WH,"Wyndham Hotels & Resorts, Inc.",Lodging,
KEX,Kirby Corporation,Marine Shipping,
ESAB,ESAB Corporation,Metal Fabrication,
MTDR,Matador Resources Company,Oil & Gas Exploration & Production,
TREX,"Trex Company, Inc.",Building Products & Equipment,
JXN,Jackson Financial Inc.,Insurance - Life,
SUN,Sunoco LP,Oil & Gas Refining & Marketing,
CRDO,Credo Technology Group Holding Ltd,Semiconductors,
CIGI,Colliers International Group Inc.,Real Estate Services,
BWA,BorgWarner Inc.,Auto Parts,
RHI,Robert Half Inc.,Staffing & Employment Services,
MIDD,The Middleby Corporation,Specialty Industrial Machinery,
ASTS,"AST SpaceMobile, Inc.",Communication Equipment,
FR,"First Industrial Realty Trust, Inc.",REIT - Industrial,
MKSI,"MKS Instruments, Inc.",Scientific & Technical Instruments,
WBA,"Walgreens Boots Alliance, Inc.",Pharmaceutical Retailers,
VIPS,Vipshop Holdings Limited,Internet Retail,
TMHC,Taylor Morrison Home Corporation,Residential Construction,
ENLC,"EnLink Midstream, LLC",Oil & Gas Midstream,
AXS,AXIS Capital Holdings Limited,Insurance - Specialty,
CAE,CAE Inc.,Aerospace & Defense,
JAZZ,Jazz Pharmaceuticals plc,Biotechnology,
FRHC,Freedom Holding Corp.,Capital Markets,
OS,"OneStream, Inc.",Software - Infrastructure,
WEX,WEX Inc.,Software - Infrastructure,
ANF,Abercrombie & Fitch Co.,Apparel Retail,
GTLS,"Chart Industries, Inc.",Specialty Industrial Machinery,
FMC,FMC Corporation,Agricultural Inputs,
EXLS,"ExlService Holdings, Inc.",Information Technology Services,
PATH,UiPath Inc.,Software - Infrastructure,
CSWI,"CSW Industrials, Inc.",Specialty Industrial Machinery,
OSK,Oshkosh Corporation,Farm & Heavy Construction Machinery,
GXO,"GXO Logistics, Inc.",Integrated Freight & Logistics,
MOG.B,Moog Inc.,Aerospace & Defense,
PARA,Paramount Global,Entertainment,
ERJ,Embraer S.A.,Aerospace & Defense,
BRFS,BRF S.A.,Packaged Foods,
FCN,"FTI Consulting, Inc.",Consulting Services,
GGB,Gerdau S.A.,Steel,
LYFT,"Lyft, Inc.",Software - Application,
MOD,Modine Manufacturing Company,Auto Parts,
JHG,Janus Henderson Group plc,Asset Management,
AGCO,AGCO Corporation,Farm & Heavy Construction Machinery,
AZEK,The AZEK Company Inc.,Building Products & Equipment,
TIMB,TIM S.A.,Telecom Services,
MOG.A,Moog Inc.,Aerospace & Defense,
MARA,"MARA Holdings, Inc.",Capital Markets,
CWST,"Casella Waste Systems, Inc.",Waste Management,
BLCO,Bausch + Lomb Corporation,Medical Instruments & Supplies,
MDGL,"Madrigal Pharmaceuticals, Inc.",Biotechnology,
WTS,"Watts Water Technologies, Inc.",Specialty Industrial Machinery,
HCP,"HashiCorp, Inc.",Software - Infrastructure,
SATS,EchoStar Corporation,Communication Equipment,
GRFS,"Grifols, S.A.",Drug Manufacturers - General,
FAF,First American Financial Corporation,Insurance - Specialty,
BPOP,"Popular, Inc.",Banks - Regional,
CADE,Cadence Bank,Banks - Regional,
CHH,"Choice Hotels International, Inc.",Lodging,
VMI,"Valmont Industries, Inc.",Conglomerates,
ADT,ADT Inc.,Security & Protection Services,
CMC,Commercial Metals Company,Steel,
R,"Ryder System, Inc.",Rental & Leasing Services,
ELF,"e.l.f. Beauty, Inc.",Household & Personal Products,
BECN,"Beacon Roofing Supply, Inc.",Industrial Distribution,
LSCC,Lattice Semiconductor Corporation,Semiconductors,
DAR,Darling Ingredients Inc.,Packaged Foods,
ESI,Element Solutions Inc,Specialty Chemicals,
AWI,"Armstrong World Industries, Inc.",Building Products & Equipment,
STWD,"Starwood Property Trust, Inc.",REIT - Mortgage,
BBWI,"Bath & Body Works, Inc.",Specialty Retail,
DDS,"Dillard's, Inc.",Department Stores,
ALK,"Alaska Air Group, Inc.",Airlines,
GNTX,Gentex Corporation,Auto Parts,
RHP,"Ryman Hospitality Properties, Inc.",REIT - Hotel & Motel,
SMR,NuScale Power Corporation,Specialty Industrial Machinery,
SPSC,"SPS Commerce, Inc.",Software - Application,
ONB,Old National Bancorp,Banks - Regional,
DJT,Trump Media & Technology Group Corp.,Internet Content & Information,
STAG,"STAG Industrial, Inc.",REIT - Industrial,
CGNX,Cognex Corporation,Scientific & Technical Instruments,
TX,Ternium S.A.,Steel,
MTN,"Vail Resorts, Inc.",Resorts & Casinos,
WSC,WillScot Holdings Corporation,Rental & Leasing Services,
ZWS,Zurn Elkay Water Solutions Corporation,Pollution & Treatment Controls,
MSA,MSA Safety Incorporated,Security & Protection Services,
OMF,"OneMain Holdings, Inc.",Credit Services,
ELAN,Elanco Animal Health Incorporated,Drug Manufacturers - Specialty & Generic,
KD,"Kyndryl Holdings, Inc.",Information Technology Services,
AN,"AutoNation, Inc.",Auto & Truck Dealerships,
QXO,"QXO, Inc.",Software - Application,
NUVL,"Nuvalent, Inc.",Biotechnology,
CIG,Companhia Energética de Minas Gerais - CEMIG,Utilities - Diversified,
POST,"Post Holdings, Inc.",Packaged Foods,
MTH,Meritage Homes Corporation,Residential Construction,
CELH,"Celsius Holdings, Inc.",Beverages - Non-Alcoholic,
BFAM,Bright Horizons Family Solutions Inc.,Personal Services,
COLD,"Americold Realty Trust, Inc.",REIT - Industrial,
UPST,"Upstart Holdings, Inc.",Credit Services,
PJT,PJT Partners Inc.,Capital Markets,
HR,Healthcare Realty Trust Incorporated,REIT - Healthcare Facilities,
LSTR,"Landstar System, Inc.",Integrated Freight & Logistics,
IDA,"IDACORP, Inc.",Utilities - Regulated Electric,
BYD,Boyd Gaming Corporation,Resorts & Casinos,
QRVO,"Qorvo, Inc.",Semiconductors,
GBCI,"Glacier Bancorp, Inc.",Banks - Regional,
LEVI,Levi Strauss & Co.,Apparel Manufacturing,
COLB,"Columbia Banking System, Inc.",Banks - Regional,
RH,RH,Specialty Retail,
LLYVK,Liberty Live Group,Entertainment,
NOV,NOV Inc.,Oil & Gas Equipment & Services,
BMI,"Badger Meter, Inc.",Scientific & Technical Instruments,
TAL,TAL Education Group,Education & Training Services,
MTG,MGIC Investment Corporation,Insurance - Specialty,
LLYVA,Liberty Live Group,Entertainment,
COOP,Mr. Cooper Group Inc.,Mortgage Finance,
SITE,"SiteOne Landscape Supply, Inc.",Industrial Distribution,
TEO,Telecom Argentina S.A.,Telecom Services,
AMKR,"Amkor Technology, Inc.",Semiconductor Equipment & Materials,
COTY,Coty Inc.,Household & Personal Products,
MAT,"Mattel, Inc.",Leisure,
CRVL,CorVel Corporation,Insurance Brokers,
LCID,"Lucid Group, Inc.",Auto Manufacturers,
BIPC,Brookfield Infrastructure Corporation,Utilities - Regulated Gas,
KRG,Kite Realty Group Trust,REIT - Retail,
MMSI,"Merit Medical Systems, Inc.",Medical Instruments & Supplies,
HOMB,"Home Bancshares, Inc. (Conway, AR)",Banks - Regional,
RCM,R1 RCM Inc.,Health Information Services,
HRI,Herc Holdings Inc.,Rental & Leasing Services,
WHR,Whirlpool Corporation,"Furnishings, Fixtures & Appliances",
IONQ,"IonQ, Inc.",Computer Hardware,
HMY,Harmony Gold Mining Company Limited,Gold,
WFRD,Weatherford International plc,Oil & Gas Equipment & Services,
TRNO,Terreno Realty Corporation,REIT - Industrial,
FSK,FS KKR Capital Corp.,Asset Management,
QTWO,"Q2 Holdings, Inc.",Software - Application,
BZ,Kanzhun Limited,Internet Content & Information,
ARW,"Arrow Electronics, Inc.",Electronics & Computer Distribution,
CYTK,"Cytokinetics, Incorporated",Biotechnology,
SAIC,Science Applications International Corporation,Information Technology Services,
EPRT,"Essential Properties Realty Trust, Inc.",REIT - Diversified,
BPMC,Blueprint Medicines Corporation,Biotechnology,
RDNT,"RadNet, Inc.",Diagnostics & Research,
NOVT,Novanta Inc.,Scientific & Technical Instruments,
CNX,CNX Resources Corporation,Oil & Gas Exploration & Production,
THG,"The Hanover Insurance Group, Inc.",Insurance - Property & Casualty,
ESNT,Essent Group Ltd.,Insurance - Specialty,
CBT,Cabot Corporation,Specialty Chemicals,
LNTH,"Lantheus Holdings, Inc.",Drug Manufacturers - Specialty & Generic,
SIGI,"Selective Insurance Group, Inc.",Insurance - Property & Casualty,
UMBF,UMB Financial Corporation,Banks - Regional,
OBDC,Blue Owl Capital Corporation,Asset Management,
FNB,F.N.B. Corporation,Banks - Regional,
TKC,Turkcell Iletisim Hizmetleri A.S.,Telecom Services,
LFUS,"Littelfuse, Inc.",Electronic Components,
LNC,Lincoln National Corporation,Insurance - Life,
CHX,ChampionX Corporation,Oil & Gas Equipment & Services,
STRL,"Sterling Infrastructure, Inc.",Engineering & Construction,
SLGN,Silgan Holdings Inc.,Packaging & Containers,
REYN,Reynolds Consumer Products Inc.,Packaging & Containers,
CTRE,"CareTrust REIT, Inc.",REIT - Healthcare Facilities,
FG,"F&G Annuities & Life, Inc.",Insurance - Life,
IBP,"Installed Building Products, Inc.",Residential Construction,
BCPC,Balchem Corporation,Specialty Chemicals,
FFIN,"First Financial Bankshares, Inc.",Banks - Regional,
BMA,Banco Macro S.A.,Banks - Regional,
ETSY,"Etsy, Inc.",Internet Retail,
CLF,Cleveland-Cliffs Inc.,Steel,
CORT,Corcept Therapeutics Incorporated,Biotechnology,
CROX,"Crocs, Inc.",Footwear & Accessories,
KBH,KB Home,Residential Construction,
NFG,National Fuel Gas Company,Oil & Gas Integrated,
HALO,"Halozyme Therapeutics, Inc.",Biotechnology,
VIRT,"Virtu Financial, Inc.",Capital Markets,
THO,"THOR Industries, Inc.",Recreational Vehicles,
ICL,ICL Group Ltd,Agricultural Inputs,
VKTX,"Viking Therapeutics, Inc.",Biotechnology,
ACIW,"ACI Worldwide, Inc.",Software - Infrastructure,
VLY,Valley National Bancorp,Banks - Regional,
NSA,National Storage Affiliates Trust,REIT - Industrial,
SKY,"Champion Homes, Inc.",Residential Construction,
MC,Moelis & Company,Capital Markets,
ALTM,Arcadium Lithium plc,Specialty Chemicals,
IEP,Icahn Enterprises L.P.,Oil & Gas Refining & Marketing,
VRNS,"Varonis Systems, Inc.",Software - Infrastructure,
INSP,"Inspire Medical Systems, Inc.",Medical Devices,
SWX,"Southwest Gas Holdings, Inc.",Utilities - Regulated Gas,
RMBS,Rambus Inc.,Semiconductors,
UBSI,"United Bankshares, Inc.",Banks - Regional,
ZETA,Zeta Global Holdings Corp.,Software - Infrastructure,
FSS,Federal Signal Corporation,Pollution & Treatment Controls,
RITM,Rithm Capital Corp.,REIT - Mortgage,
AMG,"Affiliated Managers Group, Inc.",Asset Management,
VNT,Vontier Corporation,Scientific & Technical Instruments,
LITE,Lumentum Holdings Inc.,Communication Equipment,
BE,Bloom Energy Corporation,Electrical Equipment & Parts,
KNF,Knife River Corporation,Building Materials,
AVAV,"AeroVironment, Inc.",Aerospace & Defense,
SOBO,South Bow Corporation,,
ZK,ZEEKR Intelligent Technology Holding Limited,Auto Manufacturers,
AMTM,"Amentum Holdings, Inc.",Specialty Business Services,
USM,United States Cellular Corporation,Telecom Services,
EAT,"Brinker International, Inc.",Restaurants,
MNSO,MINISO Group Holding Limited,Specialty Retail,
NE,Noble Corporation plc,Oil & Gas Drilling,
MGY,Magnolia Oil & Gas Corporation,Oil & Gas Exploration & Production,
GATX,GATX Corporation,Rental & Leasing Services,
PVH,PVH Corp.,Apparel Manufacturing,
IESC,"IES Holdings, Inc.",Engineering & Construction,
IONS,"Ionis Pharmaceuticals, Inc.",Biotechnology,
OZK,Bank OZK,Banks - Regional,
OLLI,"Ollie's Bargain Outlet Holdings, Inc.",Discount Stores,
CACC,Credit Acceptance Corporation,Credit Services,
NXT,Nextracker Inc.,Solar,
DNB,"Dun & Bradstreet Holdings, Inc.",Financial Data & Stock Exchanges,
GTES,Gates Industrial Corporation plc,Specialty Industrial Machinery,
SNDR,"Schneider National, Inc.",Trucking,
DY,"Dycom Industries, Inc.",Engineering & Construction,
QFIN,"Qifu Technology, Inc.",Credit Services,
WAY,Waystar Holding Corp.,Health Information Services,
AL,Air Lease Corporation,Rental & Leasing Services,
CRC,California Resources Corporation,Oil & Gas Exploration & Production,
MSGS,Madison Square Garden Sports Corp.,Entertainment,
PIPR,Piper Sandler Companies,Capital Markets,
PECO,"Phillips Edison & Company, Inc.",REIT - Retail,
CWEN.A,"Clearway Energy, Inc.",Utilities - Renewable,
PFSI,"PennyMac Financial Services, Inc.",Mortgage Finance,
BCC,Boise Cascade Company,Building Materials,
CRUS,"Cirrus Logic, Inc.",Semiconductors,
W,Wayfair Inc.,Internet Retail,
QLYS,"Qualys, Inc.",Software - Infrastructure,
SRAD,Sportradar Group AG,Software - Application,
INGM,Ingram Micro Holding Corporation,Information Technology Services,
UGI,UGI Corporation,Utilities - Regulated Gas,
BBU,Brookfield Business Partners L.P.,Conglomerates,
GPI,"Group 1 Automotive, Inc.",Auto & Truck Dealerships,
WHD,"Cactus, Inc.",Oil & Gas Equipment & Services,
RRR,"Red Rock Resorts, Inc.",Resorts & Casinos,
ACT,"Enact Holdings, Inc.",Insurance - Specialty,
TKR,The Timken Company,Tools & Accessories,
ITRI,"Itron, Inc.",Scientific & Technical Instruments,
TSEM,Tower Semiconductor Ltd.,Semiconductors,
RNA,"Avidity Biosciences, Inc.",Biotechnology,
BC,Brunswick Corporation,Recreational Vehicles,
CRNX,"Crinetics Pharmaceuticals, Inc.",Biotechnology,
NEU,NewMarket Corporation,Specialty Chemicals,
PI,"Impinj, Inc.",Communication Equipment,
ACA,"Arcosa, Inc.",Engineering & Construction,
SEE,Sealed Air Corporation,Packaging & Containers,
SLM,SLM Corporation,Credit Services,
NVMI,Nova Ltd.,Semiconductor Equipment & Materials,
KRYS,"Krystal Biotech, Inc.",Biotechnology,
MATX,"Matson, Inc.",Marine Shipping,
SLG,SL Green Realty Corp.,REIT - Office,
CNS,"Cohen & Steers, Inc.",Asset Management,
NXST,"Nexstar Media Group, Inc.",Broadcasting,
SM,SM Energy Company,Oil & Gas Exploration & Production,
LEA,Lear Corporation,Auto Parts,
SFBS,"ServisFirst Bancshares, Inc.",Banks - Regional,
VVV,Valvoline Inc.,Auto & Truck Dealerships,
RDN,Radian Group Inc.,Insurance - Specialty,
SHAK,Shake Shack Inc.,Restaurants,
TLX,Telix Pharmaceuticals Limited,,
PRCT,PROCEPT BioRobotics Corporation,Medical Devices,
CIVI,"Civitas Resources, Inc.",Oil & Gas Exploration & Production,
LAZ,"Lazard, Inc.",Capital Markets,
WK,Workiva Inc.,Software - Application,
PHI,PLDT Inc.,Telecom Services,
LTH,"Life Time Group Holdings, Inc.",Leisure,
POR,Portland General Electric Company,Utilities - Regulated Electric,
STVN,Stevanato Group S.p.A.,Medical Instruments & Supplies,
LANC,Lancaster Colony Corporation,Packaged Foods,
ABG,"Asbury Automotive Group, Inc.",Auto & Truck Dealerships,
HWC,Hancock Whitney Corporation,Banks - Regional,
ADMA,"ADMA Biologics, Inc.",Biotechnology,
HIMS,"Hims & Hers Health, Inc.",Household & Personal Products,
SON,Sonoco Products Company,Packaging & Containers,
SEM,Select Medical Holdings Corporation,Medical Care Facilities,
CUZ,Cousins Properties Incorporated,REIT - Office,
TENB,"Tenable Holdings, Inc.",Software - Infrastructure,
IRT,"Independence Realty Trust, Inc.",REIT - Residential,
KTB,"Kontoor Brands, Inc.",Apparel Manufacturing,
ROAD,"Construction Partners, Inc.",Engineering & Construction,
PAM,Pampa Energía S.A.,Utilities - Independent Power Producers,
WTM,"White Mountains Insurance Group, Ltd.",Insurance - Property & Casualty,
NJR,New Jersey Resources Corporation,Utilities - Regulated Gas,
BGC,"BGC Group, Inc.",Capital Markets,
SITM,SiTime Corporation,Semiconductors,
NXE,NexGen Energy Ltd.,Uranium,
MMS,"Maximus, Inc.",Specialty Business Services,
ORA,"Ormat Technologies, Inc.",Utilities - Renewable,
BDC,Belden Inc.,Communication Equipment,
HXL,Hexcel Corporation,Aerospace & Defense,
EXPO,"Exponent, Inc.",Engineering & Construction,
FELE,"Franklin Electric Co., Inc.",Specialty Industrial Machinery,
ESGR,Enstar Group Limited,Insurance - Diversified,
WRD,WeRide Inc.,Information Technology Services,
OLN,Olin Corporation,Chemicals,
CORZ,"Core Scientific, Inc.",Software - Infrastructure,
ELP,Companhia Paranaense de Energia - COPEL,Utilities - Diversified,
ELPC,Companhia Paranaense de Energia - COPEL,Utilities - Diversified,
MUR,Murphy Oil Corporation,Oil & Gas Exploration & Production,
LB,LandBridge Company LLC,Oil & Gas Equipment & Services,
TGS,Transportadora de Gas del Sur S.A.,Oil & Gas Integrated,
VIST,"Vista Energy, S.A.B. de C.V.",Oil & Gas Exploration & Production,
NSIT,"Insight Enterprises, Inc.",Electronics & Computer Distribution,
BOX,"Box, Inc.",Software - Infrastructure,
FCFS,"FirstCash Holdings, Inc.",Credit Services,
LBTYA,Liberty Global Ltd.,Telecom Services,
JOBY,"Joby Aviation, Inc.",Airports & Air Services,
ABCB,Ameris Bancorp,Banks - Regional,
FLO,"Flowers Foods, Inc.",Packaged Foods,
AXSM,"Axsome Therapeutics, Inc.",Biotechnology,
MAIN,Main Street Capital Corporation,Asset Management,
CALM,"Cal-Maine Foods, Inc.",Farm Products,
IDCC,"InterDigital, Inc.",Software - Application,
AGO,Assured Guaranty Ltd.,Insurance - Specialty,
FRSH,Freshworks Inc.,Software - Application,
ST,Sensata Technologies Holding plc,Scientific & Technical Instruments,
RUSHA,"Rush Enterprises, Inc.",Auto & Truck Dealerships,
NCNO,"nCino, Inc.",Software - Application,
TNET,"TriNet Group, Inc.",Staffing & Employment Services,
LBTYB,Liberty Global Ltd.,Telecom Services,
LBTYK,Liberty Global Ltd.,Telecom Services,
COLM,Columbia Sportswear Company,Apparel Manufacturing,
LOPE,"Grand Canyon Education, Inc.",Education & Training Services,
FUN,Six Flags Entertainment Corporation,Leisure,
BHVN,Biohaven Ltd.,Biotechnology,
KRC,Kilroy Realty Corporation,REIT - Office,
MAC,The Macerich Company,REIT - Retail,
RUSHB,"Rush Enterprises, Inc.",Auto & Truck Dealerships,
RYN,Rayonier Inc.,REIT - Specialty,
ACLX,"Arcellx, Inc.",Biotechnology,
KAI,Kadant Inc.,Specialty Industrial Machinery,
AVT,"Avnet, Inc.",Electronics & Computer Distribution,
FRO,Frontline plc,Oil & Gas Midstream,
AX,"Axos Financial, Inc.",Banks - Regional,
ALKS,Alkermes plc,Drug Manufacturers - Specialty & Generic,
MSM,"MSC Industrial Direct Co., Inc.",Industrial Distribution,
AVNT,Avient Corporation,Specialty Chemicals,
FLG,"Flagstar Financial, Inc.",Banks - Regional,
EEFT,"Euronet Worldwide, Inc.",Software - Infrastructure,
KMPR,Kemper Corporation,Insurance - Property & Casualty,
ITGR,Integer Holdings Corporation,Medical Devices,
BKH,Black Hills Corporation,Utilities - Regulated Gas,
FIVE,"Five Below, Inc.",Specialty Retail,
TIGO,Millicom International Cellular S.A.,Telecom Services,
INTA,"Intapp, Inc.",Software - Application,
TGTX,"TG Therapeutics, Inc.",Biotechnology,
FIZZ,National Beverage Corp.,Beverages - Non-Alcoholic,
PAY,"Paymentus Holdings, Inc.",Software - Infrastructure,
AHR,"American Healthcare REIT, Inc.",REIT - Healthcare Facilities,
GSHD,"Goosehead Insurance, Inc",Insurance - Diversified,
RXO,"RXO, Inc.",Trucking,
SG,"Sweetgreen, Inc.",Restaurants,
SKYW,"SkyWest, Inc.",Airlines,
PAGP,"Plains GP Holdings, L.P.",Oil & Gas Midstream,
SBRA,"Sabra Health Care REIT, Inc.",REIT - Healthcare Facilities,
CPA,"Copa Holdings, S.A.",Airlines,
TXNM,"TXNM Energy, Inc.",Utilities - Regulated Electric,
LRN,"Stride, Inc.",Education & Training Services,
PRIM,Primoris Services Corporation,Engineering & Construction,
IBOC,International Bancshares Corporation,Banks - Regional,
OGS,"ONE Gas, Inc.",Utilities - Regulated Gas,
BBIO,"BridgeBio Pharma, Inc.",Biotechnology,
SMG,The Scotts Miracle-Gro Company,Agricultural Inputs,
OSCR,"Oscar Health, Inc.",Healthcare Plans,
CRK,"Comstock Resources, Inc.",Oil & Gas Exploration & Production,
VCTR,"Victory Capital Holdings, Inc.",Asset Management,
AROC,"Archrock, Inc.",Oil & Gas Equipment & Services,
GBTG,"Global Business Travel Group, Inc.",Software - Application,
RARE,Ultragenyx Pharmaceutical Inc.,Biotechnology,
SIM,"Grupo Simec, S.A.B. de C.V.",Steel,
HAE,Haemonetics Corporation,Medical Instruments & Supplies,
SKT,Tanger Inc.,REIT - Retail,
GVA,Granite Construction Incorporated,Engineering & Construction,
PLXS,Plexus Corp.,Electronic Components,
MHO,"M/I Homes, Inc.",Residential Construction,
ASB,Associated Banc-Corp,Banks - Regional,
AUB,Atlantic Union Bankshares Corporation,Banks - Regional,
GOLF,Acushnet Holdings Corp.,Leisure,
AB,AllianceBernstein Holding L.P.,Asset Management,
SIG,Signet Jewelers Limited,Luxury Goods,
SANM,Sanmina Corporation,Electronic Components,
CLBT,Cellebrite DI Ltd.,Software - Infrastructure,
FTDR,"Frontdoor, Inc.",Personal Services,
HOG,"Harley-Davidson, Inc.",Recreational Vehicles,
AEIS,"Advanced Energy Industries, Inc.",Electrical Equipment & Parts,
ALIT,"Alight, Inc.",Software - Application,
DORM,"Dorman Products, Inc.",Auto Parts,
M,"Macy's, Inc.",Department Stores,
BLKB,"Blackbaud, Inc.",Software - Application,
NOG,"Northern Oil and Gas, Inc.",Oil & Gas Exploration & Production,
ICUI,"ICU Medical, Inc.",Medical Instruments & Supplies,
IAC,IAC Inc.,Internet Content & Information,
RIOT,"Riot Platforms, Inc.",Capital Markets,
PBH,Prestige Consumer Healthcare Inc.,Drug Manufacturers - Specialty & Generic,
BOOT,"Boot Barn Holdings, Inc.",Apparel Retail,
MCY,Mercury General Corporation,Insurance - Property & Casualty,
CRSP,CRISPR Therapeutics AG,Biotechnology,
FUL,H.B. Fuller Company,Specialty Chemicals,
BCO,The Brink's Company,Security & Protection Services,
IPAR,"Interparfums, Inc.",Household & Personal Products,
RELY,"Remitly Global, Inc.",Software - Infrastructure,
BANF,BancFirst Corporation,Banks - Regional,
HGV,Hilton Grand Vacations Inc.,Resorts & Casinos,
CNO,"CNO Financial Group, Inc.",Insurance - Life,
GBDC,"Golub Capital BDC, Inc.",Asset Management,
AI,"C3.ai, Inc.",Software - Application,
USLM,"United States Lime & Minerals, Inc.",Building Materials,
CNK,"Cinemark Holdings, Inc.",Entertainment,
GHC,Graham Holdings Company,Education & Training Services,
UAA,"Under Armour, Inc.",Apparel Manufacturing,
HHH,Howard Hughes Holdings Inc.,Real Estate - Diversified,
TCBI,"Texas Capital Bancshares, Inc.",Banks - Regional,
ENIC,Enel Chile S.A.,Utilities - Regulated Electric,
FLNC,"Fluence Energy, Inc.",Utilities - Renewable,
TFSL,TFS Financial Corporation,Banks - Regional,
BBAR,Banco BBVA Argentina S.A.,Banks - Regional,
UA,"Under Armour, Inc.",Apparel Manufacturing,
KFY,Korn Ferry,Staffing & Employment Services,
SR,Spire Inc.,Utilities - Regulated Gas,
SMPL,The Simply Good Foods Company,Packaged Foods,
TPH,"Tri Pointe Homes, Inc.",Residential Construction,
UCB,"United Community Banks, Inc.",Banks - Regional,
BWMX,"Betterware de México, S.A.P.I. de C.V.",Specialty Retail,
GMS,GMS Inc.,Building Products & Equipment,
CBZ,"CBIZ, Inc.",Specialty Business Services,
NNI,"Nelnet, Inc.",Credit Services,
MDU,"MDU Resources Group, Inc.",Conglomerates,
CCOI,"Cogent Communications Holdings, Inc.",Telecom Services,
HGTY,"Hagerty, Inc.",Insurance - Property & Casualty,
PAYO,Payoneer Global Inc.,Software - Infrastructure,
MWA,"Mueller Water Products, Inc.",Specialty Industrial Machinery,
REZI,"Resideo Technologies, Inc.",Industrial Distribution,
ALKT,"Alkami Technology, Inc.",Software - Application,
CVCO,"Cavco Industries, Inc.",Residential Construction,
STR,Sitio Royalties Corp.,Oil & Gas Exploration & Production,
IGT,International Game Technology PLC,Gambling,
VRRM,Verra Mobility Corporation,Infrastructure Operations,
OGN,Organon & Co.,Drug Manufacturers - General,
GH,"Guardant Health, Inc.",Diagnostics & Research,
KTOS,"Kratos Defense & Security Solutions, Inc.",Aerospace & Defense,
IMVT,"Immunovant, Inc.",Biotechnology,
WDFC,WD-40 Company,Specialty Chemicals,
NWL,Newell Brands Inc.,Household & Personal Products,
MGEE,"MGE Energy, Inc.",Utilities - Regulated Electric,
SHC,Sotera Health Company,Diagnostics & Research,
SPR,"Spirit AeroSystems Holdings, Inc.",Aerospace & Defense,
RIG,Transocean Ltd.,Oil & Gas Drilling,
XRAY,DENTSPLY SIRONA Inc.,Medical Instruments & Supplies,
ESE,ESCO Technologies Inc.,Scientific & Technical Instruments,
FULT,Fulton Financial Corporation,Banks - Regional,
ENS,EnerSys,Electrical Equipment & Parts,
GEO,"The GEO Group, Inc.",Security & Protection Services,
JBT,John Bean Technologies Corporation,Specialty Industrial Machinery,
CEIX,CONSOL Energy Inc.,Thermal Coal,
GFF,Griffon Corporation,Conglomerates,
OPCH,"Option Care Health, Inc.",Medical Care Facilities,
APAM,Artisan Partners Asset Management Inc.,Asset Management,
ALE,"ALLETE, Inc.",Utilities - Diversified,
PRGO,Perrigo Company plc,Drug Manufacturers - Specialty & Generic,
DEI,"Douglas Emmett, Inc.",REIT - Office,
YOU,"Clear Secure, Inc.",Software - Application,
CARG,"CarGurus, Inc.",Auto & Truck Dealerships,
APLE,"Apple Hospitality REIT, Inc.",REIT - Hotel & Motel,
ASGN,ASGN Incorporated,Information Technology Services,
BRZE,"Braze, Inc.",Software - Application,
BTG,B2Gold Corp.,Gold,
OR,Osisko Gold Royalties Ltd,Gold,
ALVO,Alvotech,Drug Manufacturers - Specialty & Generic,
PBF,PBF Energy Inc.,Oil & Gas Refining & Marketing,
EBC,"Eastern Bankshares, Inc.",Banks - Regional,
ALGM,"Allegro MicroSystems, Inc.",Semiconductors,
WEN,The Wendy's Company,Restaurants,
RYTM,"Rhythm Pharmaceuticals, Inc.",Biotechnology,
AQN,Algonquin Power & Utilities Corp.,Utilities - Renewable,
ZI,ZoomInfo Technologies Inc.,Software - Application,
TDS,"Telephone and Data Systems, Inc.",Telecom Services,
PII,Polaris Inc.,Recreational Vehicles,
WU,The Western Union Company,Credit Services,
JWN,"Nordstrom, Inc.",Department Stores,
CATY,Cathay General Bancorp,Banks - Regional,
NPO,Enpro Inc.,Specialty Industrial Machinery,
GLNG,Golar LNG Limited,Oil & Gas Midstream,
TBBB,BBB Foods Inc.,Discount Stores,
KNTK,Kinetik Holdings Inc.,Oil & Gas Midstream,
HCC,"Warrior Met Coal, Inc.",Coking Coal,
CLVT,Clarivate Plc,Information Technology Services,
TNL,Travel + Leisure Co.,Travel Services,
NMRK,"Newmark Group, Inc.",Real Estate Services,
DXC,DXC Technology Company,Information Technology Services,
HBM,Hudbay Minerals Inc.,Copper,
GDS,GDS Holdings Limited,Information Technology Services,
WD,"Walker & Dunlop, Inc.",Mortgage Finance,
ASH,Ashland Inc.,Specialty Chemicals,
ATMU,Atmus Filtration Technologies Inc.,Pollution & Treatment Controls,
SMTC,Semtech Corporation,Semiconductors,
ATAT,Atour Lifestyle Holdings Limited,Lodging,
APLS,"Apellis Pharmaceuticals, Inc.",Biotechnology,
ACVA,ACV Auctions Inc.,Auto & Truck Dealerships,
ZIM,ZIM Integrated Shipping Services Ltd.,Marine Shipping,
ARLP,"Alliance Resource Partners, L.P.",Thermal Coal,
DOOO,BRP Inc.,Recreational Vehicles,
SLVM,Sylvamo Corporation,Paper & Paper Products,
BL,"BlackLine, Inc.",Software - Application,
CBU,"Community Financial System, Inc.",Banks - Regional,
LPL,"LG Display Co., Ltd.",Consumer Electronics,
CAR,"Avis Budget Group, Inc.",Rental & Leasing Services,
HL,Hecla Mining Company,Other Precious Metals & Mining,
UNF,UniFirst Corporation,Specialty Business Services,
IBRX,"ImmunityBio, Inc.",Biotechnology,
NHI,"National Health Investors, Inc.",REIT - Healthcare Facilities,
SAM,"The Boston Beer Company, Inc.",Beverages - Brewers,
TGLS,Tecnoglass Inc.,Building Materials,
CLSK,"CleanSpark, Inc.",Capital Markets,
ENV,"Envestnet, Inc.",Software - Application,
CDP,COPT Defense Properties,REIT - Office,
UGP,Ultrapar Participações S.A.,Oil & Gas Refining & Marketing,
DNLI,Denali Therapeutics Inc.,Biotechnology,
NVST,Envista Holdings Corporation,Medical Instruments & Supplies,
ABM,ABM Industries Incorporated,Specialty Business Services,
TEX,Terex Corporation,Farm & Heavy Construction Machinery,
FIBK,"First Interstate BancSystem, Inc.",Banks - Regional,
ACHC,"Acadia Healthcare Company, Inc.",Medical Care Facilities,
DOCN,"DigitalOcean Holdings, Inc.",Software - Infrastructure,
FHB,"First Hawaiian, Inc.",Banks - Regional,
POWI,"Power Integrations, Inc.",Semiconductors,
HAYW,"Hayward Holdings, Inc.",Electrical Equipment & Parts,
URBN,"Urban Outfitters, Inc.",Apparel Retail,
KGS,"Kodiak Gas Services, Inc.",Oil & Gas Equipment & Services,
UEC,Uranium Energy Corp.,Uranium,
ATHM,Autohome Inc.,Internet Content & Information,
NWE,"NorthWestern Energy Group, Inc.",Utilities - Regulated Electric,
EPR,EPR Properties,REIT - Specialty,
HIW,"Highwoods Properties, Inc.",REIT - Office,
CAMT,Camtek Ltd.,Semiconductor Equipment & Materials,
HASI,"HA Sustainable Infrastructure Capital, Inc.",Real Estate Services,
AGYS,"Agilysys, Inc.",Software - Application,
WSFS,WSFS Financial Corporation,Banks - Regional,
BNL,"Broadstone Net Lease, Inc.",REIT - Diversified,
HUN,Huntsman Corporation,Chemicals,
TFPM,Triple Flag Precious Metals Corp.,Other Precious Metals & Mining,
MIR,"Mirion Technologies, Inc.",Specialty Industrial Machinery,
FROG,JFrog Ltd.,Software - Application,
FBP,First BanCorp.,Banks - Regional,
EGO,Eldorado Gold Corporation,Gold,
OTTR,Otter Tail Corporation,Utilities - Diversified,
BRC,Brady Corporation,Security & Protection Services,
VAL,Valaris Limited,Oil & Gas Equipment & Services,
CRGY,Crescent Energy Company,Oil & Gas Integrated,
AEO,"American Eagle Outfitters, Inc.",Apparel Retail,
HP,"Helmerich & Payne, Inc.",Oil & Gas Drilling,
IFS,Intercorp Financial Services Inc.,Banks - Regional,
SNEX,StoneX Group Inc.,Capital Markets,
POWL,"Powell Industries, Inc.",Electrical Equipment & Parts,
SSL,Sasol Limited,Specialty Chemicals,
PCH,PotlatchDeltic Corporation,REIT - Specialty,
BTU,Peabody Energy Corporation,Thermal Coal,
GSAT,"Globalstar, Inc.",Telecom Services,
SNRE,Sunrise Communications AG,Other,
ATGE,Adtalem Global Education Inc.,Education & Training Services,
DV,"DoubleVerify Holdings, Inc.",Software - Application,
BXMT,"Blackstone Mortgage Trust, Inc.",REIT - Mortgage,
GEF.B,"Greif, Inc.",Packaging & Containers,
VRN,Veren Inc.,Oil & Gas Exploration & Production,
ASO,"Academy Sports and Outdoors, Inc.",Specialty Retail,
CXT,"Crane NXT, Co.",Specialty Industrial Machinery,
BTSG,"BrightSpring Health Services, Inc.",Health Information Services,
AWR,American States Water Company,Utilities - Regulated Water,
YETI,"YETI Holdings, Inc.",Leisure,
SXT,Sensient Technologies Corporation,Specialty Chemicals,
CWEN,"Clearway Energy, Inc.",Utilities - Renewable,
GEF,"Greif, Inc.",Packaging & Containers,
FHI,"Federated Hermes, Inc.",Asset Management,
BSM,"Black Stone Minerals, L.P.",Oil & Gas Exploration & Production,
SLAB,Silicon Laboratories Inc.,Semiconductors,
LMND,"Lemonade, Inc.",Insurance - Property & Casualty,
PTEN,"Patterson-UTI Energy, Inc.",Oil & Gas Drilling,
NEOG,Neogen Corporation,Diagnostics & Research,
PLTK,Playtika Holding Corp.,Electronic Gaming & Multimedia,
GNW,"Genworth Financial, Inc.",Insurance - Life,
JJSF,J&J Snack Foods Corp.,Packaged Foods,
RNG,"RingCentral, Inc.",Software - Application,
COMP,"Compass, Inc.",Real Estate Services,
AVPT,"AvePoint, Inc.",Software - Infrastructure,
IAG,IAMGOLD Corporation,Gold,
AMR,"Alpha Metallurgical Resources, Inc.",Coking Coal,
IRDM,Iridium Communications Inc.,Telecom Services,
LIF,"Life360, Inc.",Software - Application,
OUT,OUTFRONT Media Inc.,REIT - Specialty,
BVN,Compañía de Minas Buenaventura S.A.A.,Other Precious Metals & Mining,
ASAN,"Asana, Inc.",Software - Application,
CWK,Cushman & Wakefield plc,Real Estate Services,
VAC,Marriott Vacations Worldwide Corporation,Resorts & Casinos,
MLTX,MoonLake Immunotherapeutics,Biotechnology,
VRNA,Verona Pharma plc,Biotechnology,
CAAP,Corporación América Airports S.A.,Airports & Air Services,
CVBF,CVB Financial Corp.,Banks - Regional,
PRKS,United Parks & Resorts Inc.,Leisure,
IPGP,IPG Photonics Corporation,Semiconductor Equipment & Materials,
OMAB,"Grupo Aeroportuario del Centro Norte, S.A.B. de C.V.",Airports & Air Services,
BKU,"BankUnited, Inc.",Banks - Regional,
TAC,TransAlta Corporation,Utilities - Independent Power Producers,
FA,First Advantage Corporation,Specialty Business Services,
ECG,"Everus Construction Group, Inc.",Engineering & Construction,
AGIO,"Agios Pharmaceuticals, Inc.",Biotechnology,
LOT,Lotus Technology Inc.,Auto Manufacturers,
GRBK,"Green Brick Partners, Inc.",Residential Construction,
UE,Urban Edge Properties,REIT - Retail,
CWT,California Water Service Group,Utilities - Regulated Water,
DLO,DLocal Limited,Software - Infrastructure,
PRK,Park National Corporation,Banks - Regional,
AVA,Avista Corporation,Utilities - Diversified,
HUBG,"Hub Group, Inc.",Integrated Freight & Logistics,
PTCT,"PTC Therapeutics, Inc.",Biotechnology,
TRN,"Trinity Industries, Inc.",Railroads,
ARCH,"Arch Resources, Inc.",Coking Coal,
BOH,Bank of Hawaii Corporation,Banks - Regional,
ATKR,Atkore Inc.,Electrical Equipment & Parts,
AKR,Acadia Realty Trust,REIT - Retail,
SHOO,"Steven Madden, Ltd.",Footwear & Accessories,
SFNC,Simmons First National Corporation,Banks - Regional,
VCYT,"Veracyte, Inc.",Diagnostics & Research,
HTGC,"Hercules Capital, Inc.",Asset Management,
PTON,"Peloton Interactive, Inc.",Leisure,
BHC,Bausch Health Companies Inc.,Drug Manufacturers - Specialty & Generic,
GPOR,Gulfport Energy Corporation,Oil & Gas Exploration & Production,
PENN,"PENN Entertainment, Inc.",Resorts & Casinos,
MEOH,Methanex Corporation,Chemicals,
INDB,Independent Bank Corp.,Banks - Regional,
EWTX,"Edgewise Therapeutics, Inc.",Biotechnology,
IIPR,"Innovative Industrial Properties, Inc.",REIT - Industrial,
ABR,"Arbor Realty Trust, Inc.",REIT - Mortgage,
NMIH,"NMI Holdings, Inc.",Insurance - Specialty,
SBSW,Sibanye Stillwater Limited,Other Precious Metals & Mining,
DYN,"Dyne Therapeutics, Inc.",Biotechnology,
BWIN,"The Baldwin Insurance Group, Inc.",Insurance Brokers,
BHF,"Brighthouse Financial, Inc.",Insurance - Life,
CPK,Chesapeake Utilities Corporation,Utilities - Regulated Gas,
MRUS,Merus N.V.,Biotechnology,
FORM,"FormFactor, Inc.",Semiconductor Equipment & Materials,
ALRM,"Alarm.com Holdings, Inc.",Software - Application,
ESRT,"Empire State Realty Trust, Inc.",REIT - Diversified,
SGHC,Super Group (SGHC) Limited,Gambling,
AMED,"Amedisys, Inc.",Medical Care Facilities,
PYCR,"Paycor HCM, Inc.",Software - Application,
XENE,Xenon Pharmaceuticals Inc.,Biotechnology,
JOE,The St. Joe Company,Real Estate - Diversified,
PK,Park Hotels & Resorts Inc.,REIT - Hotel & Motel,
BUR,Burford Capital Limited,Asset Management,
NARI,"Inari Medical, Inc.",Medical Devices,
TGNA,TEGNA Inc.,Broadcasting,
PATK,"Patrick Industries, Inc.","Furnishings, Fixtures & Appliances",
HBI,Hanesbrands Inc.,Apparel Manufacturing,
MP,MP Materials Corp.,Other Industrial Metals & Mining,
WAFD,"WaFd, Inc.",Banks - Regional,
IOSP,Innospec Inc.,Specialty Chemicals,
ESBA,"Empire State Realty OP, L.P.",REIT - Office,
LCII,LCI Industries,Recreational Vehicles,
FIVN,"Five9, Inc.",Software - Infrastructure,
MANU,Manchester United plc,Entertainment,
ATS,ATS Corporation,Specialty Industrial Machinery,
SYNA,Synaptics Incorporated,Semiconductors,
KWR,Quaker Chemical Corporation,Specialty Chemicals,
VERA,"Vera Therapeutics, Inc.",Biotechnology,
CC,The Chemours Company,Specialty Chemicals,
MGRC,McGrath RentCorp,Rental & Leasing Services,
BFH,"Bread Financial Holdings, Inc.",Credit Services,
HAFN,Hafnia Limited,Marine Shipping,
FOLD,"Amicus Therapeutics, Inc.",Biotechnology,
LBRT,Liberty Energy Inc.,Oil & Gas Equipment & Services,
LAUR,"Laureate Education, Inc.",Education & Training Services,
PLMR,"Palomar Holdings, Inc.",Insurance - Property & Casualty,
VSCO,Victoria's Secret & Co.,Apparel Retail,
PRGS,Progress Software Corporation,Software - Infrastructure,
HCM,HUTCHMED (China) Limited,Drug Manufacturers - Specialty & Generic,
TDC,Teradata Corporation,Software - Infrastructure,
SGRY,"Surgery Partners, Inc.",Medical Care Facilities,
MAN,ManpowerGroup Inc.,Staffing & Employment Services,
FCPT,"Four Corners Property Trust, Inc.",REIT - Retail,
WULF,TeraWulf Inc.,Capital Markets,
WRBY,Warby Parker Inc.,Medical Instruments & Supplies,
SWTX,"SpringWorks Therapeutics, Inc.",Biotechnology,
VCEL,Vericel Corporation,Biotechnology,
FLYW,Flywire Corporation,Software - Infrastructure,
HTLF,"Heartland Financial USA, Inc.",Banks - Regional,
KYMR,"Kymera Therapeutics, Inc.",Biotechnology,
OII,"Oceaneering International, Inc.",Oil & Gas Equipment & Services,
USAC,"USA Compression Partners, LP",Oil & Gas Equipment & Services,
LFST,"LifeStance Health Group, Inc.",Medical Care Facilities,
LIVN,LivaNova PLC,Medical Devices,
NOMD,Nomad Foods Limited,Packaged Foods,
ENR,"Energizer Holdings, Inc.",Electrical Equipment & Parts,
WLYB,"John Wiley & Sons, Inc.",Publishing,
STNE,StoneCo Ltd.,Software - Infrastructure,
FFBC,First Financial Bancorp.,Banks - Regional,
PAR,PAR Technology Corporation,Software - Application,
PFS,"Provident Financial Services, Inc.",Banks - Regional,
CON,"Concentra Group Holdings Parent, Inc.",Medical Care Facilities,
PACS,"PACS Group, Inc.",Medical Care Facilities,
LXP,LXP Industrial Trust,REIT - Industrial,
NSP,"Insperity, Inc.",Staffing & Employment Services,
ACAD,ACADIA Pharmaceuticals Inc.,Biotechnology,
NPWR,NET Power Inc.,Specialty Industrial Machinery,
BANC,"Banc of California, Inc.",Banks - Regional,
LSPD,Lightspeed Commerce Inc.,Software - Application,
SID,Companhia Siderúrgica Nacional,Steel,
CCS,"Century Communities, Inc.",Real Estate - Development,
WLY,"John Wiley & Sons, Inc.",Publishing,
DRVN,Driven Brands Holdings Inc.,Auto & Truck Dealerships,
RSI,"Rush Street Interactive, Inc.",Gambling,
PPBI,"Pacific Premier Bancorp, Inc.",Banks - Regional,
STNG,Scorpio Tankers Inc.,Oil & Gas Midstream,
APPN,Appian Corporation,Software - Infrastructure,
KLC,"KinderCare Learning Companies, Inc.",Diversified Consumer Services,
SDRL,Seadrill Limited,Oil & Gas Drilling,
TDW,Tidewater Inc.,Oil & Gas Equipment & Services,
TBBK,"The Bancorp, Inc.",Banks - Regional,
GT,The Goodyear Tire & Rubber Company,Auto Parts,
APGE,"Apogee Therapeutics, Inc.",Biotechnology,
GRND,Grindr Inc.,Software - Application,
HNI,HNI Corporation,Business Equipment & Supplies,
ENVA,"Enova International, Inc.",Credit Services,
ZLAB,Zai Lab Limited,Biotechnology,
AIN,Albany International Corp.,Textile Manufacturing,
DFH,"Dream Finders Homes, Inc.",Residential Construction,
HWKN,"Hawkins, Inc.",Specialty Chemicals,
IBTX,"Independent Bank Group, Inc.",Banks - Regional,
AZZ,AZZ Inc.,Specialty Business Services,
PSMT,"PriceSmart, Inc.",Discount Stores,
VSTO,Vista Outdoor Inc.,Leisure,
TOWN,TowneBank,Banks - Regional,
MLCO,Melco Resorts & Entertainment Limited,Resorts & Casinos,
TMDX,"TransMedics Group, Inc.",Medical Devices,
SRRK,Scholar Rock Holding Corporation,Biotechnology,
CDE,"Coeur Mining, Inc.",Gold,
AY,Atlantica Sustainable Infrastructure plc,Utilities - Renewable,
SEB,Seaboard Corporation,Conglomerates,
AMRX,"Amneal Pharmaceuticals, Inc.",Drug Manufacturers - Specialty & Generic,
QS,QuantumScape Corporation,Auto Parts,
OSIS,"OSI Systems, Inc.",Electronic Components,
JANX,"Janux Therapeutics, Inc.",Biotechnology,
OKLO,Oklo Inc.,Utilities - Regulated Electric,
EPAC,Enerpac Tool Group Corp.,Specialty Industrial Machinery,
BATRA,"Atlanta Braves Holdings, Inc.",Entertainment,
BLTE,"Belite Bio, Inc",Biotechnology,
MPW,"Medical Properties Trust, Inc.",REIT - Healthcare Facilities,
FBK,FB Financial Corporation,Banks - Regional,
CPRX,"Catalyst Pharmaceuticals, Inc.",Biotechnology,
MTX,Minerals Technologies Inc.,Specialty Chemicals,
DIOD,Diodes Incorporated,Semiconductors,
SPB,"Spectrum Brands Holdings, Inc.",Household & Personal Products,
ICFI,"ICF International, Inc.",Consulting Services,
PRVA,"Privia Health Group, Inc.",Health Information Services,
CURB,Curbline Properties Corp.,REIT - Retail,
QDEL,QuidelOrtho Corporation,Medical Devices,
EQX,Equinox Gold Corp.,Gold,
BATRK,"Atlanta Braves Holdings, Inc.",Entertainment,
ENOV,Enovis Corporation,Specialty Industrial Machinery,
ARCB,ArcBest Corporation,Trucking,
RPD,"Rapid7, Inc.",Software - Infrastructure,
FRME,First Merchants Corporation,Banks - Regional,
CNXC,Concentrix Corporation,Information Technology Services,
IOVA,"Iovance Biotherapeutics, Inc.",Biotechnology,
INTR,"Inter & Co, Inc.",Banks - Regional,
KLIC,"Kulicke and Soffa Industries, Inc.",Semiconductor Equipment & Materials,
CENT,Central Garden & Pet Company,Packaged Foods,
BANR,Banner Corporation,Banks - Regional,
MCW,"Mister Car Wash, Inc.",Auto & Truck Dealerships,
SBCF,Seacoast Banking Corporation of Florida,Banks - Regional,
AVAL,Grupo Aval Acciones y Valores S.A.,Banks - Regional,
SXI,Standex International Corporation,Specialty Industrial Machinery,
CMBT,Cmb.Tech NV,Oil & Gas Midstream,
TWST,Twist Bioscience Corporation,Diagnostics & Research,
SOUN,"SoundHound AI, Inc.",Software - Application,
AKO.A,Embotelladora Andina S.A.,Beverages - Non-Alcoholic,
AKO.B,Embotelladora Andina S.A.,Beverages - Non-Alcoholic,
SPNT,SiriusPoint Ltd.,Insurance - Reinsurance,
AMBA,"Ambarella, Inc.",Semiconductor Equipment & Materials,
WERN,"Werner Enterprises, Inc.",Trucking,
VC,Visteon Corporation,Auto Parts,
B,Barnes Group Inc.,Specialty Industrial Machinery,
VICR,Vicor Corporation,Electronic Components,
CPRI,Capri Holdings Limited,Luxury Goods,
ZD,"Ziff Davis, Inc.",Advertising Agencies,
GOGL,Golden Ocean Group Limited,Marine Shipping,
IVT,InvenTrust Properties Corp.,REIT - Retail,
AIR,AAR Corp.,Aerospace & Defense,
YELP,Yelp Inc.,Internet Content & Information,
CAKE,The Cheesecake Factory Incorporated,Restaurants,
TTMI,"TTM Technologies, Inc.",Electronic Components,
LGIH,"LGI Homes, Inc.",Residential Construction,
ARDT,"Ardent Health Partners, Inc.",Medical Care Facilities,
CXW,"CoreCivic, Inc.",Security & Protection Services,
PAGS,PagSeguro Digital Ltd.,Software - Infrastructure,
RVLV,"Revolve Group, Inc.",Internet Retail,
LBPH,"Longboard Pharmaceuticals, Inc.",Biotechnology,
WSBC,"WesBanco, Inc.",Banks - Regional,
ROIC,Retail Opportunity Investments Corp.,REIT - Retail,
TR,"Tootsie Roll Industries, Inc.",Confectioners,
UTZ,"Utz Brands, Inc.",Packaged Foods,
VSEC,VSE Corporation,Aerospace & Defense,
LMAT,"LeMaitre Vascular, Inc.",Medical Instruments & Supplies,
IRTC,"iRhythm Technologies, Inc.",Medical Devices,
BTE,Baytex Energy Corp.,Oil & Gas Exploration & Production,
SBLK,Star Bulk Carriers Corp.,Marine Shipping,
CEPU,Central Puerto S.A.,Utilities - Regulated Electric,
SLNO,"Soleno Therapeutics, Inc.",Biotechnology,
MYRG,MYR Group Inc.,Engineering & Construction,
BKE,"The Buckle, Inc.",Apparel Retail,
ODD,Oddity Tech Ltd.,Software - Infrastructure,
TRMK,Trustmark Corporation,Banks - Regional,
MRCY,"Mercury Systems, Inc.",Aerospace & Defense,
TFIN,"Triumph Financial, Inc.",Banks - Regional,
STRA,"Strategic Education, Inc.",Education & Training Services,
GCMG,GCM Grosvenor Inc.,Asset Management,
TRMD,TORM plc,Oil & Gas Midstream,
RNST,Renasant Corporation,Banks - Regional,
WB,Weibo Corporation,Internet Content & Information,
AAP,"Advance Auto Parts, Inc.",Specialty Retail,
GERN,Geron Corporation,Biotechnology,
AESI,Atlas Energy Solutions Inc.,Oil & Gas Equipment & Services,
VZIO,VIZIO Holding Corp.,Consumer Electronics,
NBTB,NBT Bancorp Inc.,Banks - Regional,
ACLS,"Axcelis Technologies, Inc.",Semiconductor Equipment & Materials,
RLX,RLX Technology Inc.,Tobacco,
ALG,Alamo Group Inc.,Farm & Heavy Construction Machinery,
PTVE,Pactiv Evergreen Inc.,Packaging & Containers,
MGNI,"Magnite, Inc.",Advertising Agencies,
MTRN,Materion Corporation,Other Industrial Metals & Mining,
ALHC,"Alignment Healthcare, Inc.",Healthcare Plans,
HUT,Hut 8 Corp.,Capital Markets,
PTGX,"Protagonist Therapeutics, Inc.",Biotechnology,
ARWR,"Arrowhead Pharmaceuticals, Inc.",Biotechnology,
CABO,"Cable One, Inc.",Telecom Services,
CIFR,Cipher Mining Inc.,Capital Markets,
CWH,"Camping World Holdings, Inc.",Auto & Truck Dealerships,
NFE,New Fortress Energy Inc.,Utilities - Regulated Gas,
FIHL,Fidelis Insurance Holdings Limited,Insurance - Diversified,
RUN,Sunrun Inc.,Solar,
EVTC,"EVERTEC, Inc.",Software - Infrastructure,
TRUP,"Trupanion, Inc.",Insurance - Specialty,
DBRG,"DigitalBridge Group, Inc.",Real Estate Services,
IDYA,"IDEAYA Biosciences, Inc.",Biotechnology,
CNTA,Centessa Pharmaceuticals plc,Biotechnology,
SEZL,Sezzle Inc.,Credit Services,
WS,"Worthington Steel, Inc.",Steel,
NGD,New Gold Inc.,Gold,
CNMD,CONMED Corporation,Medical Devices,
HI,"Hillenbrand, Inc.",Specialty Industrial Machinery,
AGM,Federal Agricultural Mortgage Corporation,Credit Services,
CSAN,Cosan S.A.,Oil & Gas Refining & Marketing,
PSNY,Polestar Automotive Holding UK PLC,Auto Manufacturers,
AGM.A,Federal Agricultural Mortgage Corporation,Credit Services,
UFPT,"UFP Technologies, Inc.",Medical Devices,
PHIN,PHINIA Inc.,Auto Parts,
CENTA,Central Garden & Pet Company,Packaged Foods,
VTMX,"Corporación Inmobiliaria Vesta, S.A.B. de C.V.",Real Estate - Development,
SWI,SolarWinds Corporation,Software - Infrastructure,
AMBP,Ardagh Metal Packaging S.A.,Packaging & Containers,
AVDX,"AvidXchange Holdings, Inc.",Software - Infrastructure,
WNS,WNS (Holdings) Limited,Information Technology Services,
PWP,Perella Weinberg Partners,Capital Markets,
KMT,Kennametal Inc.,Tools & Accessories,
EQC,Equity Commonwealth,REIT - Office,
ADUS,Addus HomeCare Corporation,Medical Care Facilities,
KROS,"Keros Therapeutics, Inc.",Biotechnology,
VEON,VEON Ltd.,Telecom Services,
NATL,NCR Atleos Corporation,Software - Application,
CGON,"CG Oncology, Inc.",Biotechnology,
EFSC,Enterprise Financial Services Corp,Banks - Regional,
VIAV,Viavi Solutions Inc.,Communication Equipment,
FL,"Foot Locker, Inc.",Apparel Retail,
AKRO,"Akero Therapeutics, Inc.",Biotechnology,
PINC,"Premier, Inc.",Health Information Services,
AAT,"American Assets Trust, Inc.",REIT - Diversified,
WVE,Wave Life Sciences Ltd.,Biotechnology,
SYBT,"Stock Yards Bancorp, Inc.",Banks - Regional,
PCT,"PureCycle Technologies, Inc.",Pollution & Treatment Controls,
LU,Lufax Holding Ltd,Credit Services,
CRTO,Criteo S.A.,Advertising Agencies,
KAR,"OPENLANE, Inc.",Auto & Truck Dealerships,
CENX,Century Aluminum Company,Aluminum,
SAH,"Sonic Automotive, Inc.",Auto & Truck Dealerships,
MBC,"MasterBrand, Inc.","Furnishings, Fixtures & Appliances",
PLUS,ePlus inc.,Software - Application,
ACHR,Archer Aviation Inc.,Aerospace & Defense,
HLMN,Hillman Solutions Corp.,Tools & Accessories,
DNN,Denison Mines Corp.,Uranium,
IQ,"iQIYI, Inc.",Entertainment,
AMPH,"Amphastar Pharmaceuticals, Inc.",Drug Manufacturers - Specialty & Generic,
ROCK,"Gibraltar Industries, Inc.",Building Products & Equipment,
CDLR,Cadeler A/S,Engineering & Construction,
LGND,Ligand Pharmaceuticals Incorporated,Biotechnology,
VSH,"Vishay Intertechnology, Inc.",Semiconductors,
INSW,"International Seaways, Inc.",Oil & Gas Midstream,
YY,JOYY Inc.,Internet Content & Information,
CALX,"Calix, Inc.",Software - Infrastructure,
AZTA,"Azenta, Inc.",Medical Instruments & Supplies,
NN,NextNav Inc.,Software - Infrastructure,
TALO,Talos Energy Inc.,Oil & Gas Exploration & Production,
SEMR,"Semrush Holdings, Inc.",Software - Application,
BAK,Braskem S.A.,Chemicals,
LOB,"Live Oak Bancshares, Inc.",Banks - Regional,
CCU,Compañía Cervecerías Unidas S.A.,Beverages - Brewers,
EVCM,EverCommerce Inc.,Software - Infrastructure,
HTH,Hilltop Holdings Inc.,Banks - Regional,
VYX,NCR Voyix Corporation,Information Technology Services,
MRX,Marex Group plc,Capital Markets,
DKL,"Delek Logistics Partners, LP",Oil & Gas Refining & Marketing,
SKWD,"Skyward Specialty Insurance Group, Inc.",Insurance - Property & Casualty,
EXTR,"Extreme Networks, Inc.",Communication Equipment,
JBLU,JetBlue Airways Corporation,Airlines,
AG,First Majestic Silver Corp.,Silver,
BEAM,Beam Therapeutics Inc.,Biotechnology,
SHO,"Sunstone Hotel Investors, Inc.",REIT - Hotel & Motel,
MIRM,"Mirum Pharmaceuticals, Inc.",Biotechnology,
COCO,"The Vita Coco Company, Inc.",Beverages - Non-Alcoholic,
CXM,"Sprinklr, Inc.",Software - Application,
ASTH,"Astrana Health, Inc.",Medical Care Facilities,
CMPR,Cimpress plc,Specialty Business Services,
PSEC,Prospect Capital Corporation,Asset Management,
STC,Stewart Information Services Corporation,Insurance - Property & Casualty,
GBX,"The Greenbrier Companies, Inc.",Railroads,
SOC,Sable Offshore Corp.,Oil & Gas Drilling,
EXPI,"eXp World Holdings, Inc.",Real Estate Services,
OFG,OFG Bancorp,Banks - Regional,
UPWK,Upwork Inc.,Internet Content & Information,
HEES,"H&E Equipment Services, Inc.",Rental & Leasing Services,
NEXT,NextDecade Corporation,Oil & Gas Exploration & Production,
STGW,Stagwell Inc.,Advertising Agencies,
SUPN,"Supernus Pharmaceuticals, Inc.",Drug Manufacturers - Specialty & Generic,
APLD,Applied Digital Corporation,Information Technology Services,
LION,Lionsgate Studios Corp.,Shell Companies,
CASH,"Pathward Financial, Inc.",Banks - Regional,
MQ,"Marqeta, Inc.",Software - Infrastructure,
RNW,ReNew Energy Global Plc,Utilities - Renewable,
PRM,"Perimeter Solutions, SA",Specialty Chemicals,
HURN,Huron Consulting Group Inc.,Consulting Services,
NEO,"NeoGenomics, Inc.",Diagnostics & Research,
WOR,"Worthington Enterprises, Inc.",Metal Fabrication,
AGX,"Argan, Inc.",Engineering & Construction,
PRG,"PROG Holdings, Inc.",Rental & Leasing Services,
ENLT,Enlight Renewable Energy Ltd,Utilities - Renewable,
OSW,OneSpaWorld Holdings Limited,Leisure,
IBTA,"Ibotta, Inc.",Software - Application,
TNDM,"Tandem Diabetes Care, Inc.",Medical Devices,
OMCL,"Omnicell, Inc.",Health Information Services,
TSLX,"Sixth Street Specialty Lending, Inc.",Asset Management,
NHC,National HealthCare Corporation,Medical Care Facilities,
ROG,Rogers Corporation,Electronic Components,
IREN,Iris Energy Limited,Capital Markets,
ZGN,Ermenegildo Zegna N.V.,Apparel Manufacturing,
WGS,GeneDx Holdings Corp.,Health Information Services,
CVI,"CVR Energy, Inc.",Oil & Gas Refining & Marketing,
GENI,Genius Sports Limited,Internet Content & Information,
OI,"O-I Glass, Inc.",Packaging & Containers,
TRIP,"Tripadvisor, Inc.",Travel Services,
MNKD,MannKind Corporation,Biotechnology,
VVX,"V2X, Inc.",Aerospace & Defense,
HRMY,"Harmony Biosciences Holdings, Inc.",Biotechnology,
HG,"Hamilton Insurance Group, Ltd.",Insurance - Reinsurance,
CHCO,City Holding Company,Banks - Regional,
HPK,"HighPeak Energy, Inc.",Oil & Gas Exploration & Production,
BBUC,Brookfield Business Corporation,Asset Management,
NAMS,NewAmsterdam Pharma Company N.V.,Biotechnology,
DRH,DiamondRock Hospitality Company,REIT - Hotel & Motel,
FCF,First Commonwealth Financial Corporation,Banks - Regional,
JAMF,Jamf Holding Corp.,Software - Application,
NABL,"N-able, Inc.",Information Technology Services,
RAMP,"LiveRamp Holdings, Inc.",Software - Infrastructure,
CLBK,"Columbia Financial, Inc.",Banks - Regional,
CTRI,"Centuri Holdings, Inc.",Utilities - Regulated Gas,
VRE,"Veris Residential, Inc.",REIT - Residential,
WMK,"Weis Markets, Inc.",Grocery Stores,
KSS,Kohl's Corporation,Department Stores,
GPCR,Structure Therapeutics Inc.,Biotechnology,
CRI,"Carter's, Inc.",Apparel Retail,
DNUT,"Krispy Kreme, Inc.",Grocery Stores,
KOS,Kosmos Energy Ltd.,Oil & Gas Exploration & Production,
BTDR,Bitdeer Technologies Group,Software - Application,
FBNC,First Bancorp,Banks - Regional,
NWBI,"Northwest Bancshares, Inc.",Banks - Regional,
HE,"Hawaiian Electric Industries, Inc.",Utilities - Regulated Electric,
LKFN,Lakeland Financial Corporation,Banks - Regional,
SJW,SJW Group,Utilities - Regulated Water,
TROX,Tronox Holdings plc,Chemicals,
CNXN,"PC Connection, Inc.",Electronics & Computer Distribution,
LGF.A,Lions Gate Entertainment Corp.,Entertainment,
MSDL,Morgan Stanley Direct Lending Fund,,
IRON,"Disc Medicine, Inc.",Biotechnology,
NVCR,NovoCure Limited,Medical Devices,
PAX,Patria Investments Limited,Asset Management,
BWLP,BW LPG Limited,Marine Shipping,
EVO,Evotec SE,Drug Manufacturers - Specialty & Generic,
GTY,Getty Realty Corp.,REIT - Retail,
TWFG,"TWFG, Inc.",Insurance Brokers,
CLMT,"Calumet, Inc.",Oil & Gas Exploration & Production,
GLPG,Galapagos NV,Biotechnology,
GO,Grocery Outlet Holding Corp.,Grocery Stores,
PLUG,Plug Power Inc.,Electrical Equipment & Parts,
RXST,"RxSight, Inc.",Medical Devices,
ARCO,Arcos Dorados Holdings Inc.,Restaurants,
PDCO,"Patterson Companies, Inc.",Medical Distribution,
WWW,"Wolverine World Wide, Inc.",Footwear & Accessories,
SIMO,Silicon Motion Technology Corporation,Semiconductors,
EDN,Empresa Distribuidora y Comercializadora Norte Sociedad Anónima,Utilities - Regulated Electric,
TARS,"Tarsus Pharmaceuticals, Inc.",Biotechnology,
NBHC,National Bank Holdings Corporation,Banks - Regional,
OBDE,Blue Owl Capital Corporation III,Asset Management,
APOG,"Apogee Enterprises, Inc.",Building Products & Equipment,
BKV,BKV Corporation,"Oil, Gas & Consumable Fuels",
MBIN,Merchants Bancorp,Banks - Regional,
EVGO,"EVgo, Inc.",Specialty Retail,
LZB,La-Z-Boy Incorporated,"Furnishings, Fixtures & Appliances",
LUNR,"Intuitive Machines, Inc.",Aerospace & Defense,
PD,"PagerDuty, Inc.",Software - Application,
RUM,Rumble Inc.,Software - Application,
THS,"TreeHouse Foods, Inc.",Packaged Foods,
IAS,Integral Ad Science Holding Corp.,Advertising Agencies,
IART,Integra LifeSciences Holdings Corporation,Medical Devices,
RXRX,"Recursion Pharmaceuticals, Inc.",Biotechnology,
ATRC,"AtriCure, Inc.",Medical Instruments & Supplies,
GLP,Global Partners LP,Oil & Gas Midstream,
VSTS,Vestis Corporation,Rental & Leasing Services,
LTC,"LTC Properties, Inc.",REIT - Healthcare Facilities,
UPBD,"Upbound Group, Inc.",Software - Application,
CMRE,Costamare Inc.,Marine Shipping,
DSGR,"Distribution Solutions Group, Inc.",Industrial Distribution,
CLDX,"Celldex Therapeutics, Inc.",Biotechnology,
PRDO,Perdoceo Education Corporation,Education & Training Services,
CODI,Compass Diversified,Conglomerates,
OPRA,Opera Limited,Internet Content & Information,
MSGE,Madison Square Garden Entertainment Corp.,Leisure,
DFIN,"Donnelley Financial Solutions, Inc.",Software - Application,
FTRE,Fortrea Holdings Inc.,Biotechnology,
SPT,"Sprout Social, Inc.",Software - Application,
CSTM,Constellium SE,Aluminum,
MNR,Mach Natural Resources LP,Oil & Gas Exploration & Production,
LGF.B,Lions Gate Entertainment Corp.,Entertainment,
DHT,"DHT Holdings, Inc.",Oil & Gas Midstream,
LC,LendingClub Corporation,Banks - Regional,
CUBI,"Customers Bancorp, Inc.",Banks - Regional,
SAND,Sandstorm Gold Ltd.,Gold,
EPC,Edgewell Personal Care Company,Household & Personal Products,
GTX,Garrett Motion Inc.,Auto Parts,
NWN,Northwest Natural Holding Company,Utilities - Regulated Gas,
SCL,Stepan Company,Specialty Chemicals,
GNL,"Global Net Lease, Inc.",REIT - Diversified,
DAC,Danaos Corporation,Marine Shipping,
BOWL,Bowlero Corp.,Leisure,
ENVX,Enovix Corporation,Electrical Equipment & Parts,
ERO,Ero Copper Corp.,Copper,
BHE,"Benchmark Electronics, Inc.",Electronic Components,
CHEF,"The Chefs' Warehouse, Inc.",Food Distribution,
HLIO,"Helios Technologies, Inc.",Specialty Industrial Machinery,
SASR,"Sandy Spring Bancorp, Inc.",Banks - Regional,
MLNK,"MeridianLink, Inc.",Software - Application,
NTB,The Bank of N.T. Butterfield & Son Limited,Banks - Diversified,
XNCR,"Xencor, Inc.",Biotechnology,
TXG,"10x Genomics, Inc.",Health Information Services,
NIC,"Nicolet Bankshares, Inc.",Banks - Regional,
NGVT,Ingevity Corporation,Specialty Chemicals,
WGO,"Winnebago Industries, Inc.",Recreational Vehicles,
GDRX,"GoodRx Holdings, Inc.",Health Information Services,
HMN,Horace Mann Educators Corporation,Insurance - Property & Casualty,
ASAI,Sendas Distribuidora S.A.,Grocery Stores,
NAPA,"The Duckhorn Portfolio, Inc.",Beverages - Wineries & Distilleries,
MAG,MAG Silver Corp.,Silver,
ROOT,"Root, Inc.",Insurance - Property & Casualty,
VRTS,"Virtus Investment Partners, Inc.",Asset Management,
HLX,"Helix Energy Solutions Group, Inc.",Oil & Gas Equipment & Services,
CLOV,"Clover Health Investments, Corp.",Healthcare Plans,
MLKN,"MillerKnoll, Inc.","Furnishings, Fixtures & Appliances",
WKC,World Kinect Corporation,Oil & Gas Refining & Marketing,
AMC,"AMC Entertainment Holdings, Inc.",Entertainment,
WT,"WisdomTree, Inc.",Asset Management,
FINV,FinVolution Group,Credit Services,
VRDN,"Viridian Therapeutics, Inc.",Biotechnology,
NMM,Navios Maritime Partners L.P.,Marine Shipping,
TNC,Tennant Company,Specialty Industrial Machinery,
IMCR,Immunocore Holdings plc,Biotechnology,
FDP,Fresh Del Monte Produce Inc.,Farm Products,
NAVI,Navient Corporation,Credit Services,
HOPE,"Hope Bancorp, Inc.",Banks - Regional,
ADNT,Adient plc,Auto Parts,
ANDE,"The Andersons, Inc.",Food Distribution,
CERT,"Certara, Inc.",Health Information Services,
STBA,"S&T Bancorp, Inc.",Banks - Regional,
NRIX,"Nurix Therapeutics, Inc.",Biotechnology,
KEN,Kenon Holdings Ltd.,Utilities - Independent Power Producers,
DMLP,"Dorchester Minerals, L.P.",Oil & Gas Exploration & Production,
UCTT,"Ultra Clean Holdings, Inc.",Semiconductor Equipment & Materials,
DVAX,Dynavax Technologies Corporation,Drug Manufacturers - Specialty & Generic,
VET,Vermilion Energy Inc.,Oil & Gas Exploration & Production,
KN,Knowles Corporation,Electronic Components,
NMRA,"Neumora Therapeutics, Inc.",Biotechnology,
INFN,Infinera Corporation,Communication Equipment,
DBD,"Diebold Nixdorf, Incorporated",Software - Application,
MMI,"Marcus & Millichap, Inc.",Real Estate Services,
SRCE,1st Source Corporation,Banks - Regional,
VBTX,"Veritex Holdings, Inc.",Banks - Regional,
SONO,"Sonos, Inc.",Consumer Electronics,
PZZA,"Papa John's International, Inc.",Restaurants,
SGML,Sigma Lithium Corporation,Other Industrial Metals & Mining,
SILV,SilverCrest Metals Inc.,Other Precious Metals & Mining,
CTS,CTS Corporation,Electronic Components,
SDHC,Smith Douglas Homes Corp.,Real Estate - Development,
MODG,Topgolf Callaway Brands Corp.,Leisure,
STEL,"Stellar Bancorp, Inc.",Banks - Regional,
HELE,Helen of Troy Limited,Household & Personal Products,
DAVA,Endava plc,Software - Infrastructure,
TCBK,TriCo Bancshares,Banks - Regional,
KRP,"Kimbell Royalty Partners, LP",Oil & Gas Exploration & Production,
PLAB,"Photronics, Inc.",Semiconductor Equipment & Materials,
MCRI,"Monarch Casino & Resort, Inc.",Resorts & Casinos,
ZUO,"Zuora, Inc.",Software - Infrastructure,
UMH,"UMH Properties, Inc.",REIT - Residential,
DNOW,DNOW Inc.,Industrial Distribution,
TDOC,"Teladoc Health, Inc.",Health Information Services,
LEG,"Leggett & Platt, Incorporated","Furnishings, Fixtures & Appliances",
NTCT,"NetScout Systems, Inc.",Software - Infrastructure,
FSM,Fortuna Mining Corp.,Gold,
SPNS,Sapiens International Corporation N.V.,Software - Application,
PEB,Pebblebrook Hotel Trust,REIT - Hotel & Motel,
BCRX,"BioCryst Pharmaceuticals, Inc.",Biotechnology,
XPRO,Expro Group Holdings N.V.,Oil & Gas Equipment & Services,
XHR,"Xenia Hotels & Resorts, Inc.",REIT - Hotel & Motel,
CSGS,"CSG Systems International, Inc.",Software - Infrastructure,
KW,"Kennedy-Wilson Holdings, Inc.",Real Estate Services,
TVTX,"Travere Therapeutics, Inc.",Biotechnology,
TPC,Tutor Perini Corporation,Engineering & Construction,
SPHR,Sphere Entertainment Co.,Entertainment,
KNSA,"Kiniksa Pharmaceuticals International, plc",Drug Manufacturers - Specialty & Generic,
INMD,InMode Ltd.,Medical Devices,
NEP,"NextEra Energy Partners, LP",Utilities - Renewable,
GSBD,"Goldman Sachs BDC, Inc.",Asset Management,
MTTR,"Matterport, Inc.",Software - Application,
REVG,"REV Group, Inc.",Farm & Heavy Construction Machinery,
BUSE,First Busey Corporation,Banks - Regional,
DCOM,"Dime Community Bancshares, Inc.",Banks - Regional,
JBGS,JBG SMITH Properties,REIT - Office,
SCS,Steelcase Inc.,"Furnishings, Fixtures & Appliances",
QCRH,"QCR Holdings, Inc.",Banks - Regional,
TNK,Teekay Tankers Ltd.,Oil & Gas Midstream,
LADR,Ladder Capital Corp,REIT - Mortgage,
BV,"BrightView Holdings, Inc.",Specialty Business Services,
FOR,Forestar Group Inc.,Real Estate - Development,
HROW,"Harrow, Inc.",Drug Manufacturers - Specialty & Generic,
WABC,Westamerica Bancorporation,Banks - Regional,
AFYA,Afya Limited,Education & Training Services,
KLG,WK Kellogg Co,Packaged Foods,
ARIS,"Aris Water Solutions, Inc.",Utilities - Regulated Water,
RBCAA,"Republic Bancorp, Inc.",Banks - Regional,
RLJ,RLJ Lodging Trust,REIT - Hotel & Motel,
SAFE,Safehold Inc.,REIT - Diversified,
MAGN,Magnera Corporation,,
ARVN,"Arvinas, Inc.",Biotechnology,
AMWD,American Woodmark Corporation,"Furnishings, Fixtures & Appliances",
VECO,Veeco Instruments Inc.,Semiconductor Equipment & Materials,
UP,Wheels Up Experience Inc.,Airports & Air Services,
TILE,"Interface, Inc.",Building Products & Equipment,
XMTR,"Xometry, Inc.",Specialty Industrial Machinery,
TGI,"Triumph Group, Inc.",Aerospace & Defense,
WTTR,"Select Water Solutions, Inc.",Oil & Gas Equipment & Services,
KRNT,Kornit Digital Ltd.,Specialty Industrial Machinery,
DCBO,Docebo Inc.,Software - Application,
ATSG,"Air Transport Services Group, Inc.",Airlines,
BCYC,Bicycle Therapeutics plc,Biotechnology,
GEL,"Genesis Energy, L.P.",Oil & Gas Midstream,
NVEE,"NV5 Global, Inc.",Engineering & Construction,
VRNT,Verint Systems Inc.,Software - Infrastructure,
DEA,"Easterly Government Properties, Inc.",REIT - Office,
SFL,SFL Corporation Ltd.,Marine Shipping,
UUUU,Energy Fuels Inc.,Uranium,
KC,Kingsoft Cloud Holdings Limited,Software - Application,
DX,"Dynex Capital, Inc.",REIT - Mortgage,
FLNG,FLEX LNG Ltd.,Oil & Gas Midstream,
AMRC,"Ameresco, Inc.",Engineering & Construction,
USPH,"U.S. Physical Therapy, Inc.",Medical Care Facilities,
HLIT,Harmonic Inc.,Communication Equipment,
WBTN,WEBTOON Entertainment Inc.,Software - Application,
AAOI,"Applied Optoelectronics, Inc.",Communication Equipment,
SILA,"Sila Realty Trust, Inc.",REIT - Healthcare Facilities,
SVV,"Savers Value Village, Inc.",Specialty Retail,
DOLE,Dole plc,Farm Products,
ORLA,Orla Mining Ltd.,Gold,
UNIT,Uniti Group Inc.,REIT - Specialty,
ALEX,"Alexander & Baldwin, Inc.",REIT - Retail,
NX,Quanex Building Products Corporation,Building Products & Equipment,
SYRE,"Spyre Therapeutics, Inc.",Biotechnology,
PBI,Pitney Bowes Inc.,Integrated Freight & Logistics,
ELME,Elme Communities,REIT - Residential,
SABR,Sabre Corporation,Software - Infrastructure,
NTLA,"Intellia Therapeutics, Inc.",Biotechnology,
PX,"P10, Inc.",Asset Management,
SDGR,"Schrödinger, Inc.",Health Information Services,
BB,BlackBerry Limited,Software - Infrastructure,
WINA,Winmark Corporation,Specialty Retail,
GDYN,"Grid Dynamics Holdings, Inc.",Information Technology Services,
ATEC,"Alphatec Holdings, Inc.",Medical Devices,
NRP,Natural Resource Partners L.P.,Thermal Coal,
LILAK,Liberty Latin America Ltd.,Telecom Services,
ARHS,"Arhaus, Inc.",Home Improvement Retail,
OCUL,"Ocular Therapeutix, Inc.",Biotechnology,
MYGN,"Myriad Genetics, Inc.",Diagnostics & Research,
DAWN,"Day One Biopharmaceuticals, Inc.",Biotechnology,
MRTN,"Marten Transport, Ltd.",Trucking,
SA,Seabridge Gold Inc.,Gold,
BFS,"Saul Centers, Inc.",REIT - Retail,
CMPO,"CompoSecure, Inc.",Metal Fabrication,
PRAX,"Praxis Precision Medicines, Inc.",Biotechnology,
GRDN,"Guardian Pharmacy Services, Inc.",Pharmaceutical Retailers,
BY,"Byline Bancorp, Inc.",Banks - Regional,
EVH,"Evolent Health, Inc.",Health Information Services,
LNN,Lindsay Corporation,Farm & Heavy Construction Machinery,
LILA,Liberty Latin America Ltd.,Telecom Services,
UVV,Universal Corporation,Tobacco,
DQ,Daqo New Energy Corp.,Semiconductor Equipment & Materials,
SNDX,"Syndax Pharmaceuticals, Inc.",Biotechnology,
GB,Global Blue Group Holding AG,Software - Infrastructure,
RCUS,"Arcus Biosciences, Inc.",Biotechnology,
AIV,Apartment Investment and Management Company,REIT - Residential,
SBH,"Sally Beauty Holdings, Inc.",Specialty Retail,
SPRY,"ARS Pharmaceuticals, Inc.",Biotechnology,
DESP,"Despegar.com, Corp.",Travel Services,
GABC,"German American Bancorp, Inc.",Banks - Regional,
PLAY,"Dave & Buster's Entertainment, Inc.",Entertainment,
FOXF,Fox Factory Holding Corp.,Auto Parts,
AMPL,"Amplitude, Inc.",Software - Application,
CET,Central Securities Corporation,Asset Management,
NSSC,"Napco Security Technologies, Inc.",Security & Protection Services,
LZ,"LegalZoom.com, Inc.",Specialty Business Services,
VITL,"Vital Farms, Inc.",Farm Products,
UNFI,"United Natural Foods, Inc.",Food Distribution,
INDV,Indivior PLC,Drug Manufacturers - Specialty & Generic,
NTST,NETSTREIT Corp.,REIT - Retail,
LOMA,Loma Negra Compañía Industrial Argentina Sociedad Anónima,Building Materials,
IMAX,IMAX Corporation,Entertainment,
SAVA,"Cassava Sciences, Inc.",Biotechnology,
IMKTA,"Ingles Markets, Incorporated",Grocery Stores,
STAA,STAAR Surgical Company,Medical Instruments & Supplies,
KRO,"Kronos Worldwide, Inc.",Specialty Chemicals,
EIG,"Employers Holdings, Inc.",Insurance - Specialty,
MFIC,MidCap Financial Investment Corporation,Asset Management,
CDRE,"Cadre Holdings, Inc.",Aerospace & Defense,
CRAI,"CRA International, Inc.",Consulting Services,
CNNE,"Cannae Holdings, Inc.",Restaurants,
CGAU,Centerra Gold Inc.,Gold,
OCSL,Oaktree Specialty Lending Corporation,Asset Management,
KALU,Kaiser Aluminum Corporation,Aluminum,
ALGT,Allegiant Travel Company,Airlines,
FORTY,Formula Systems (1985) Ltd.,Information Technology Services,
INOD,Innodata Inc.,Information Technology Services,
THRM,Gentherm Incorporated,Auto Parts,
ELVN,"Enliven Therapeutics, Inc.",Biotechnology,
AHCO,AdaptHealth Corp.,Medical Devices,
NVAX,"Novavax, Inc.",Biotechnology,
CSR,Centerspace,REIT - Residential,
BLND,"Blend Labs, Inc.",Software - Application,
GIII,"G-III Apparel Group, Ltd.",Apparel Manufacturing,
BHLB,"Berkshire Hills Bancorp, Inc.",Banks - Regional,
MDXG,"MiMedx Group, Inc.",Biotechnology,
ARI,"Apollo Commercial Real Estate Finance, Inc.",REIT - Mortgage,
ADEA,Adeia Inc.,Software - Application,
ENFN,"Enfusion, Inc.",Software - Application,
TASK,"TaskUs, Inc.",Information Technology Services,
ULH,"Universal Logistics Holdings, Inc.",Trucking,
IDT,IDT Corporation,Telecom Services,
NMFC,New Mountain Finance Corporation,Asset Management,
WLFC,Willis Lease Finance Corporation,Rental & Leasing Services,
RES,"RPC, Inc.",Oil & Gas Equipment & Services,
OLPX,"Olaplex Holdings, Inc.",Specialty Retail,
LVWR,"LiveWire Group, Inc.",Auto Manufacturers,
MSC,Studio City International Holdings Limited,Resorts & Casinos,
SAFT,"Safety Insurance Group, Inc.",Insurance - Property & Casualty,
KARO,Karooooo Ltd.,Software - Application,
RC,Ready Capital Corporation,REIT - Mortgage,
PFBC,Preferred Bank,Banks - Regional,
BLX,"Banco Latinoamericano de Comercio Exterior, S. A.",Banks - Regional,
AMSC,American Superconductor Corporation,Specialty Industrial Machinery,
NG,NovaGold Resources Inc.,Gold,
MXL,"MaxLinear, Inc.",Semiconductors,
IRS,IRSA Inversiones y Representaciones Sociedad Anónima,Real Estate Services,
EXK,Endeavour Silver Corp.,Other Precious Metals & Mining,
MD,"Pediatrix Medical Group, Inc.",Medical Care Facilities,
BMBL,Bumble Inc.,Software - Application,
KURA,"Kura Oncology, Inc.",Biotechnology,
SEI,"Solaris Energy Infrastructure, Inc.",Oil & Gas Equipment & Services,
BLBD,Blue Bird Corporation,Farm & Heavy Construction Machinery,
ATEN,"A10 Networks, Inc.",Software - Infrastructure,
INVA,"Innoviva, Inc.",Biotechnology,
CARS,Cars.com Inc.,Auto & Truck Dealerships,
JKS,"JinkoSolar Holding Co., Ltd.",Solar,
ASTL,Algoma Steel Group Inc.,Steel,
HTZ,"Hertz Global Holdings, Inc.",Rental & Leasing Services,
BRDG,Bridge Investment Group Holdings Inc.,Asset Management,
QNST,"QuinStreet, Inc.",Advertising Agencies,
PEBO,Peoples Bancorp Inc.,Banks - Regional,
MOMO,Hello Group Inc.,Internet Content & Information,
MRVI,"Maravai LifeSciences Holdings, Inc.",Biotechnology,
ULCC,"Frontier Group Holdings, Inc.",Airlines,
TWO,Two Harbors Investment Corp.,REIT - Mortgage,
COHU,"Cohu, Inc.",Semiconductor Equipment & Materials,
SCSC,"ScanSource, Inc.",Electronics & Computer Distribution,
PGNY,"Progyny, Inc.",Health Information Services,
CIM,Chimera Investment Corporation,REIT - Mortgage,
GETY,"Getty Images Holdings, Inc.",Internet Content & Information,
MSEX,Middlesex Water Company,Utilities - Regulated Water,
CDNA,"CareDx, Inc",Diagnostics & Research,
SSRM,SSR Mining Inc.,Gold,
ARQT,"Arcutis Biotherapeutics, Inc.",Biotechnology,
MESO,Mesoblast Limited,Biotechnology,
CTOS,"Custom Truck One Source, Inc.",Rental & Leasing Services,
NXRT,"NexPoint Residential Trust, Inc.",REIT - Residential,
RCKT,"Rocket Pharmaceuticals, Inc.",Biotechnology,
TLRY,"Tilray Brands, Inc.",Drug Manufacturers - Specialty & Generic,
PDM,"Piedmont Office Realty Trust, Inc.",REIT - Office,
BELFA,Bel Fuse Inc.,Electronic Components,
OXM,"Oxford Industries, Inc.",Apparel Manufacturing,
OCFC,OceanFirst Financial Corp.,Banks - Regional,
LEU,Centrus Energy Corp.,Uranium,
ARLO,"Arlo Technologies, Inc.",Building Products & Equipment,
VTLE,"Vital Energy, Inc.",Oil & Gas Exploration & Production,
DK,"Delek US Holdings, Inc.",Oil & Gas Refining & Marketing,
XPEL,"XPEL, Inc.",Auto Parts,
KBDC,"Kayne Anderson BDC, Inc.",,
VTEX,VTEX,Software - Application,
EVRI,Everi Holdings Inc.,Gambling,
UPB,"Upstream Bio, Inc.",Biotechnology,
ACMR,"ACM Research, Inc.",Semiconductor Equipment & Materials,
AUPH,Aurinia Pharmaceuticals Inc.,Biotechnology,
PLYA,Playa Hotels & Resorts N.V.,Resorts & Casinos,
MRC,MRC Global Inc.,Oil & Gas Equipment & Services,
SPH,"Suburban Propane Partners, L.P.",Utilities - Regulated Gas,
HCI,"HCI Group, Inc.",Insurance - Property & Casualty,
PDFS,"PDF Solutions, Inc.",Software - Application,
OPEN,Opendoor Technologies Inc.,Real Estate Services,
PMT,PennyMac Mortgage Investment Trust,REIT - Mortgage,
DAN,Dana Incorporated,Auto Parts,
GATO,"Gatos Silver, Inc.",Other Precious Metals & Mining,
BOW,Bowhead Specialty Holdings Inc.,Insurance - Property & Casualty,
DGII,Digi International Inc.,Communication Equipment,
ECPG,"Encore Capital Group, Inc.",Mortgage Finance,
ASPN,"Aspen Aerogels, Inc.",Building Products & Equipment,
INVX,"Innovex International, Inc.",Oil & Gas Equipment & Services,
NVGS,Navigator Holdings Ltd.,Oil & Gas Midstream,
ATUS,"Altice USA, Inc.",Telecom Services,
DSP,Viant Technology Inc.,Software - Application,
ALX,"Alexander's, Inc.",REIT - Retail,
PGRE,"Paramount Group, Inc.",REIT - Office,
EFC,Ellington Financial Inc.,REIT - Mortgage,
IE,Ivanhoe Electric Inc.,Copper,
AORT,"Artivion, Inc.",Medical Devices,
ARDX,"Ardelyx, Inc.",Biotechnology,
FBYD,"Falcon's Beyond Global, Inc.",Conglomerates,
AHH,"Armada Hoffler Properties, Inc.",REIT - Diversified,
MFA,"MFA Financial, Inc.",REIT - Mortgage,
BSIG,BrightSphere Investment Group Inc.,Asset Management,
SII,Sprott Inc.,Asset Management,
ACDC,ProFrac Holding Corp.,Oil & Gas Equipment & Services,
FBMS,"The First Bancshares, Inc.",Banks - Regional,
CRCT,"Cricut, Inc.",Computer Hardware,
GYRE,"Gyre Therapeutics, Inc.",Biotechnology,
HDL,Super Hi International Holding Ltd.,Restaurants,
AGRO,Adecoagro S.A.,Farm Products,
AVAH,Aveanna Healthcare Holdings Inc.,Medical Care Facilities,
TIGR,UP Fintech Holding Limited,Capital Markets,
SBGI,"Sinclair, Inc.",Broadcasting,
UDMY,"Udemy, Inc.",Education & Training Services,
AMSF,"AMERISAFE, Inc.",Insurance - Specialty,
PHVS,Pharvaris N.V.,Biotechnology,
PGRU,PropertyGuru Group Limited,Internet Content & Information,
LPG,Dorian LPG Ltd.,Oil & Gas Midstream,
COUR,"Coursera, Inc.",Education & Training Services,
WOOF,"Petco Health and Wellness Company, Inc.",Specialty Retail,
EFXT,Enerflex Ltd.,Oil & Gas Equipment & Services,
CSWC,Capital Southwest Corporation,Asset Management,
SUPV,Grupo Supervielle S.A.,Banks - Regional,
LMB,"Limbach Holdings, Inc.",Building Products & Equipment,
CCEC,Capital Clean Energy Carriers Corp.,Marine Shipping,
OPK,"OPKO Health, Inc.",Diagnostics & Research,
BBSI,"Barrett Business Services, Inc.",Staffing & Employment Services,
BCSF,"Bain Capital Specialty Finance, Inc.",Asset Management,
TPB,"Turning Point Brands, Inc.",Tobacco,
ANIP,"ANI Pharmaceuticals, Inc.",Drug Manufacturers - Specialty & Generic,
AMAL,Amalgamated Financial Corp.,Banks - Regional,
TBLA,Taboola.com Ltd.,Internet Content & Information,
FVRR,Fiverr International Ltd.,Internet Content & Information,
ESTA,Establishment Labs Holdings Inc.,Medical Devices,
TV,"Grupo Televisa, S.A.B.",Telecom Services,
BRKL,"Brookline Bancorp, Inc.",Banks - Regional,
ADV,Advantage Solutions Inc.,Advertising Agencies,
PNTG,"The Pennant Group, Inc.",Medical Care Facilities,
VMEO,"Vimeo, Inc.",Software - Application,
IGIC,International General Insurance Holdings Ltd.,Insurance - Diversified,
UTI,"Universal Technical Institute, Inc.",Education & Training Services,
VTOL,Bristow Group Inc.,Oil & Gas Equipment & Services,
SXC,"SunCoke Energy, Inc.",Coking Coal,
TRS,TriMas Corporation,Packaging & Containers,
SBSI,"Southside Bancshares, Inc.",Banks - Regional,
OLO,Olo Inc.,Software - Application,
DXPE,"DXP Enterprises, Inc.",Industrial Distribution,
GRC,The Gorman-Rupp Company,Specialty Industrial Machinery,
BBDC,"Barings BDC, Inc.",Asset Management,
PRO,"PROS Holdings, Inc.",Software - Application,
BITF,Bitfarms Ltd.,Capital Markets,
TMP,Tompkins Financial Corporation,Banks - Regional,
BLMN,"Bloomin' Brands, Inc.",Restaurants,
UXIN,Uxin Limited,Auto & Truck Dealerships,
PSFE,Paysafe Limited,Software - Infrastructure,
FBRT,"Franklin BSP Realty Trust, Inc.",REIT - Mortgage,
PHR,"Phreesia, Inc.",Health Information Services,
BKD,Brookdale Senior Living Inc.,Medical Care Facilities,
OBK,"Origin Bancorp, Inc.",Banks - Regional,
XRX,Xerox Holdings Corporation,Information Technology Services,
KFRC,Kforce Inc.,Staffing & Employment Services,
CAL,"Caleres, Inc.",Apparel Retail,
APLT,"Applied Therapeutics, Inc.",Biotechnology,
CECO,CECO Environmental Corp.,Pollution & Treatment Controls,
GIC,Global Industrial Company,Industrial Distribution,
HOV,"Hovnanian Enterprises, Inc.",Residential Construction,
CTBI,"Community Trust Bancorp, Inc.",Banks - Regional,
FWRG,"First Watch Restaurant Group, Inc.",Restaurants,
MGPI,"MGP Ingredients, Inc.",Beverages - Wineries & Distilleries,
DAVE,Dave Inc.,Software - Application,
NYAX,Nayax Ltd.,Information Technology Services,
BASE,"Couchbase, Inc.",Software - Infrastructure,
SSTK,"Shutterstock, Inc.",Internet Content & Information,
BCAX,Bicara Therapeutics Inc.,Biotechnology,
BLFS,"BioLife Solutions, Inc.",Medical Instruments & Supplies,
BFC,Bank First Corporation,Banks - Regional,
OEC,Orion S.A.,Specialty Chemicals,
CBRL,"Cracker Barrel Old Country Store, Inc.",Restaurants,
ARR,"ARMOUR Residential REIT, Inc.",REIT - Mortgage,
AVDL,Avadel Pharmaceuticals plc,Drug Manufacturers - Specialty & Generic,
KRUS,"Kura Sushi USA, Inc.",Restaurants,
THR,"Thermon Group Holdings, Inc.",Specialty Industrial Machinery,
CMCO,Columbus McKinnon Corporation,Farm & Heavy Construction Machinery,
SDA,SunCar Technology Group Inc.,Auto & Truck Dealerships,
PLSE,"Pulse Biosciences, Inc.",Medical Instruments & Supplies,
BHRB,Burke & Herbert Financial Services Corp.,Banks - Regional,
CNOB,"ConnectOne Bancorp, Inc.",Banks - Regional,
FSUN,FirstSun Capital Bancorp,Banks - Regional,
ETWO,"E2open Parent Holdings, Inc.",Software - Application,
COGT,"Cogent Biosciences, Inc.",Biotechnology,
RDFN,Redfin Corporation,Real Estate Services,
BORR,Borr Drilling Limited,Oil & Gas Drilling,
ZYME,Zymeworks Inc.,Biotechnology,
GOGO,Gogo Inc.,Telecom Services,
BXC,BlueLinx Holdings Inc.,Industrial Distribution,
WEAV,"Weave Communications, Inc.",Health Information Services,
FWRD,Forward Air Corporation,Integrated Freight & Logistics,
NEXA,Nexa Resources S.A.,Other Industrial Metals & Mining,
ICHR,"Ichor Holdings, Ltd.",Semiconductor Equipment & Materials,
VNET,"VNET Group, Inc.",Information Technology Services,
XCH,XCHG Limited,Electrical Equipment & Parts,
JBI,"Janus International Group, Inc.",Building Products & Equipment,
BZH,"Beazer Homes USA, Inc.",Residential Construction,
CCB,Coastal Financial Corporation,Banks - Regional,
AMTB,Amerant Bancorp Inc.,Banks - Regional,
ARRY,"Array Technologies, Inc.",Solar,
DLX,Deluxe Corporation,Conglomerates,
GCT,GigaCloud Technology Inc.,Software - Infrastructure,
YEXT,"Yext, Inc.",Software - Infrastructure,
FMBH,"First Mid Bancshares, Inc.",Banks - Regional,
COMM,"CommScope Holding Company, Inc.",Communication Equipment,
NRDS,"NerdWallet, Inc.",Internet Content & Information,
HSTM,"HealthStream, Inc.",Health Information Services,
PFC,Premier Financial Corp.,Banks - Regional,
SMWB,Similarweb Ltd.,Software - Application,
DCO,Ducommun Incorporated,Aerospace & Defense,
PARR,"Par Pacific Holdings, Inc.",Oil & Gas Refining & Marketing,
BELFB,Bel Fuse Inc.,Electronic Components,
EH,EHang Holdings Limited,Aerospace & Defense,
MTAL,Metals Acquisition Limited,Shell Companies,
ANGI,Angi Inc.,Internet Content & Information,
REAX,The Real Brokerage Inc.,Real Estate Services,
EEX,"Emerald Holding, Inc.",Advertising Agencies,
AMN,"AMN Healthcare Services, Inc.",Medical Care Facilities,
FIP,FTAI Infrastructure Inc.,Conglomerates,
TIXT,TELUS International (Cda) Inc.,Software - Infrastructure,
COLL,"Collegium Pharmaceutical, Inc.",Drug Manufacturers - Specialty & Generic,
SHCO,Soho House & Co Inc.,Lodging,
RDWR,Radware Ltd.,Software - Infrastructure,
HTLD,"Heartland Express, Inc.",Trucking,
VLRS,"Controladora Vuela Compañía de Aviación, S.A.B. de C.V.",Airlines,
UTL,Unitil Corporation,Utilities - Diversified,
PAHC,Phibro Animal Health Corporation,Drug Manufacturers - Specialty & Generic,
JBSS,"John B. Sanfilippo & Son, Inc.",Packaged Foods,
VIR,"Vir Biotechnology, Inc.",Biotechnology,
DDL,Dingdong (Cayman) Limited,Grocery Stores,
OMI,"Owens & Minor, Inc.",Medical Distribution,
HY,"Hyster-Yale, Inc.",Farm & Heavy Construction Machinery,
TRNS,"Transcat, Inc.",Industrial Distribution,
ACEL,"Accel Entertainment, Inc.",Gambling,
TUYA,Tuya Inc.,Software - Infrastructure,
SEPN,"Septerna, Inc.",Biotechnology,
CLB,Core Laboratories Inc.,Oil & Gas Equipment & Services,
ECVT,Ecovyst Inc.,Specialty Chemicals,
NCDL,Nuveen Churchill Direct Lending Corp.,Asset Management,
IHS,IHS Holding Limited,Telecom Services,
SKE,Skeena Resources Limited,Other Industrial Metals & Mining,
AVBP,"ArriVent BioPharma, Inc.",Biotechnology,
RWT,"Redwood Trust, Inc.",REIT - Mortgage,
KIND,"Nextdoor Holdings, Inc.",Internet Content & Information,
LENZ,"LENZ Therapeutics, Inc.",Biotechnology,
AVO,"Mission Produce, Inc.",Food Distribution,
FSLY,"Fastly, Inc.",Software - Application,
ETNB,"89bio, Inc.",Biotechnology,
HEPS,D-Market Elektronik Hizmetler ve Ticaret A.S.,Internet Retail,
BDN,Brandywine Realty Trust,REIT - Office,
INDI,"indie Semiconductor, Inc.",Semiconductor Equipment & Materials,
PRLB,"Proto Labs, Inc.",Metal Fabrication,
IMTX,Immatics N.V.,Biotechnology,
PL,Planet Labs PBC,Aerospace & Defense,
HIMX,"Himax Technologies, Inc.",Semiconductors,
SBR,Sabine Royalty Trust,Oil & Gas Midstream,
HSII,"Heidrick & Struggles International, Inc.",Staffing & Employment Services,
PENG,"Penguin Solutions, Inc.",Information Technology Services,
GOOS,Canada Goose Holdings Inc.,Apparel Manufacturing,
CMTG,"Claros Mortgage Trust, Inc.",REIT - Mortgage,
GDEN,"Golden Entertainment, Inc.",Resorts & Casinos,
FUFU,BitFuFu Inc.,Capital Markets,
SCVL,"Shoe Carnival, Inc.",Apparel Retail,
AOSL,Alpha and Omega Semiconductor Limited,Semiconductors,
CBLL,"CeriBell, Inc.",Medical Devices,
VSAT,"Viasat, Inc.",Communication Equipment,
ML,MoneyLion Inc.,Software - Application,
VVI,Viad Corp,Specialty Business Services,
TTGT,"TechTarget, Inc.",Internet Content & Information,
SLRC,SLR Investment Corp.,Asset Management,
CINT,CI&T Inc.,Software - Infrastructure,
ERII,"Energy Recovery, Inc.",Pollution & Treatment Controls,
EYE,"National Vision Holdings, Inc.",Specialty Retail,
PDS,Precision Drilling Corporation,Oil & Gas Drilling,
SVM,Silvercorp Metals Inc.,Silver,
STKL,SunOpta Inc.,Beverages - Non-Alcoholic,
EVEX,"Eve Holding, Inc.",Aerospace & Defense,
UVSP,Univest Financial Corporation,Banks - Regional,
NUVB,Nuvation Bio Inc.,Biotechnology,
CBL,"CBL & Associates Properties, Inc.",REIT - Retail,
FNA,"Paragon 28, Inc.",Medical Devices,
HFWA,Heritage Financial Corporation,Banks - Regional,
JACK,Jack in the Box Inc.,Restaurants,
CFFN,"Capitol Federal Financial, Inc.",Banks - Regional,
GHLD,Guild Holdings Company,Mortgage Finance,
TYRA,"Tyra Biosciences, Inc.",Biotechnology,
GSM,Ferroglobe PLC,Other Industrial Metals & Mining,
MCBS,"MetroCity Bankshares, Inc.",Banks - Regional,
PLYM,"Plymouth Industrial REIT, Inc.",REIT - Industrial,
JELD,"JELD-WEN Holding, Inc.",Building Products & Equipment,
GRNT,"Granite Ridge Resources, Inc.",Oil & Gas Exploration & Production,
EGBN,"Eagle Bancorp, Inc.",Banks - Regional,
LQDA,Liquidia Corporation,Biotechnology,
TH,Target Hospitality Corp.,Specialty Business Services,
GSL,"Global Ship Lease, Inc.",Rental & Leasing Services,
PRAA,"PRA Group, Inc.",Credit Services,
TRIN,Trinity Capital Inc.,Asset Management,
ZIP,"ZipRecruiter, Inc.",Staffing & Employment Services,
NBBK,"NB Bancorp, Inc.",Banks - Regional,
SITC,SITE Centers Corp.,REIT - Retail,
CFB,"CrossFirst Bankshares, Inc.",Banks - Regional,
WOLF,"Wolfspeed, Inc.",Semiconductors,
CAPR,"Capricor Therapeutics, Inc.",Biotechnology,
CGBD,"Carlyle Secured Lending, Inc.",Asset Management,
GES,"Guess?, Inc.",Apparel Retail,
DRD,DRDGOLD Limited,Gold,
HCSG,"Healthcare Services Group, Inc.",Medical Care Facilities,
HCKT,"The Hackett Group, Inc.",Information Technology Services,
NESR,National Energy Services Reunited Corp.,Oil & Gas Equipment & Services,
CPF,Central Pacific Financial Corp.,Banks - Regional,
SKYH,Sky Harbour Group Corporation,Aerospace & Defense,
PRA,ProAssurance Corporation,Insurance - Property & Casualty,
MAX,"MediaAlpha, Inc.",Internet Content & Information,
RAPP,"Rapport Therapeutics, Inc.",Biotechnology,
HLF,Herbalife Ltd.,Packaged Foods,
VTS,"Vitesse Energy, Inc.",Oil & Gas Exploration & Production,
MNRO,"Monro, Inc.",Auto Parts,
LAC,Lithium Americas Corp.,Other Industrial Metals & Mining,
GLDD,Great Lakes Dredge & Dock Corporation,Engineering & Construction,
FCBC,"First Community Bankshares, Inc.",Banks - Regional,
FIGS,"FIGS, Inc.",Apparel Manufacturing,
PFLT,PennantPark Floating Rate Capital Ltd.,Asset Management,
OSBC,"Old Second Bancorp, Inc.",Banks - Regional,
ASTE,"Astec Industries, Inc.",Farm & Heavy Construction Machinery,
BFST,"Business First Bancshares, Inc.",Banks - Regional,
DEC,Diversified Energy Company PLC,Oil & Gas Exploration & Production,
NBN,Northeast Bank,Banks - Regional,
BRSP,"BrightSpire Capital, Inc.",REIT - Mortgage,
TIPT,Tiptree Inc.,Insurance - Specialty,
NNE,NANO Nuclear Energy Inc.,Specialty Industrial Machinery,
WNC,Wabash National Corporation,Farm & Heavy Construction Machinery,
IIIV,"i3 Verticals, Inc.",Software - Infrastructure,
WLKP,Westlake Chemical Partners LP,Chemicals,
EMBC,Embecta Corp.,Medical Instruments & Supplies,
PUMP,ProPetro Holding Corp.,Oil & Gas Equipment & Services,
AIOT,"PowerFleet, Inc.",Software - Infrastructure,
PTLO,Portillo's Inc.,Restaurants,
CSTL,"Castle Biosciences, Inc.",Diagnostics & Research,
ECO,Okeanis Eco Tankers Corp.,Marine Shipping,
KREF,KKR Real Estate Finance Trust Inc.,REIT - Mortgage,
MBUU,"Malibu Boats, Inc.",Recreational Vehicles,
MBWM,Mercantile Bank Corporation,Banks - Regional,
RLAY,"Relay Therapeutics, Inc.",Biotechnology,
ABCL,AbCellera Biologics Inc.,Biotechnology,
AC,"Associated Capital Group, Inc.",Asset Management,
CTKB,"Cytek Biosciences, Inc.",Medical Devices,
CDMO,"Avid Bioservices, Inc.",Biotechnology,
REX,REX American Resources Corporation,Chemicals,
HBNC,"Horizon Bancorp, Inc.",Banks - Regional,
SPLP,Steel Partners Holdings L.P.,Conglomerates,
ODP,The ODP Corporation,Specialty Retail,
ORKA,"Oruka Therapeutics, Inc.",,
IPX,IperionX Limited,Other Industrial Metals & Mining,
ASIX,AdvanSix Inc.,Chemicals,
CRON,Cronos Group Inc.,Drug Manufacturers - Specialty & Generic,
HAYN,"Haynes International, Inc.",Metal Fabrication,
PCRX,"Pacira BioSciences, Inc.",Drug Manufacturers - Specialty & Generic,
BJRI,"BJ's Restaurants, Inc.",Restaurants,
NOAH,Noah Holdings Limited,Asset Management,
AUTL,Autolus Therapeutics plc,Biotechnology,
EOLS,"Evolus, Inc.",Drug Manufacturers - Specialty & Generic,
MLR,"Miller Industries, Inc.",Auto Parts,
LQDT,"Liquidity Services, Inc.",Internet Retail,
NGVC,"Natural Grocers by Vitamin Cottage, Inc.",Grocery Stores,
CGEM,"Cullinan Therapeutics, Inc.",Biotechnology,
IBCP,Independent Bank Corporation,Banks - Regional,
PLRX,"Pliant Therapeutics, Inc.",Biotechnology,
ORRF,"Orrstown Financial Services, Inc.",Banks - Regional,
ERAS,"Erasca, Inc.",Biotechnology,
CAPL,CrossAmerica Partners LP,Oil & Gas Refining & Marketing,
TCPC,BlackRock TCP Capital Corp.,Asset Management,
REPL,"Replimune Group, Inc.",Biotechnology,
ATLC,Atlanticus Holdings Corporation,Credit Services,
CRESY,"Cresud Sociedad Anónima, Comercial, Inmobiliaria, Financiera y Agropecuaria",Conglomerates,
CSIQ,Canadian Solar Inc.,Solar,
AVNS,"Avanos Medical, Inc.",Medical Devices,
INN,"Summit Hotel Properties, Inc.",REIT - Hotel & Motel,
UAN,"CVR Partners, LP",Agricultural Inputs,
CCO,"Clear Channel Outdoor Holdings, Inc.",Advertising Agencies,
HAFC,Hanmi Financial Corporation,Banks - Regional,
SEAT,Vivid Seats Inc.,Internet Content & Information,
ARKO,Arko Corp.,Specialty Retail,
TXO,"TXO Partners, L.P.",Oil & Gas Exploration & Production,
LDI,"loanDepot, Inc.",Mortgage Finance,
KOP,Koppers Holdings Inc.,Specialty Chemicals,
RYI,Ryerson Holding Corporation,Metal Fabrication,
REPX,"Riley Exploration Permian, Inc.",Oil & Gas Exploration & Production,
SCWX,SecureWorks Corp.,Software - Infrastructure,
CVLG,"Covenant Logistics Group, Inc.",Trucking,
USNA,"USANA Health Sciences, Inc.",Packaged Foods,
XPOF,"Xponential Fitness, Inc.",Leisure,
RDW,Redwire Corporation,Aerospace & Defense,
HBT,"HBT Financial, Inc.",Banks - Regional,
PRTA,Prothena Corporation plc,Biotechnology,
DJCO,Daily Journal Corporation,Software - Application,
WSR,Whitestone REIT,REIT - Retail,
VHI,"Valhi, Inc.",Chemicals,
RPAY,Repay Holdings Corporation,Software - Infrastructure,
RSKD,Riskified Ltd.,Software - Application,
GOOD,Gladstone Commercial Corporation,REIT - Diversified,
GNK,Genco Shipping & Trading Limited,Marine Shipping,
DDI,"DoubleDown Interactive Co., Ltd.",Electronic Gaming & Multimedia,
MATW,Matthews International Corporation,Conglomerates,
ETD,Ethan Allen Interiors Inc.,"Furnishings, Fixtures & Appliances",
SMBC,"Southern Missouri Bancorp, Inc.",Banks - Regional,
CRGX,"CARGO Therapeutics, Inc.",Biotechnology,
LPRO,Open Lending Corporation,Credit Services,
BALY,Bally's Corporation,Resorts & Casinos,
EE,"Excelerate Energy, Inc.",Oil & Gas Midstream,
PUBM,"PubMatic, Inc.",Software - Application,
IMOS,ChipMOS TECHNOLOGIES INC.,Semiconductors,
HNST,"The Honest Company, Inc.",Household & Personal Products,
SHLS,"Shoals Technologies Group, Inc.",Solar,
BVS,Bioventus Inc.,Medical Devices,
AXL,"American Axle & Manufacturing Holdings, Inc.",Auto Parts,
EU,enCore Energy Corp.,Uranium,
GSBC,"Great Southern Bancorp, Inc.",Banks - Regional,
SNCY,"Sun Country Airlines Holdings, Inc.",Airlines,
ARMN,Aris Mining Corporation,Gold,
OFIX,Orthofix Medical Inc.,Medical Devices,
EQBK,"Equity Bancshares, Inc.",Banks - Regional,
TRTX,"TPG RE Finance Trust, Inc.",REIT - Mortgage,
LIND,"Lindblad Expeditions Holdings, Inc.",Travel Services,
CCAP,"Crescent Capital BDC, Inc.",Asset Management,
AMRK,"A-Mark Precious Metals, Inc.",Capital Markets,
AGL,"agilon health, inc.",Medical Care Facilities,
FDUS,Fidus Investment Corporation,Asset Management,
HUYA,HUYA Inc.,Entertainment,
AVXL,Anavex Life Sciences Corp.,Biotechnology,
GPRE,Green Plains Inc.,Chemicals,
NBR,Nabors Industries Ltd.,Oil & Gas Drilling,
TK,Teekay Corporation Ltd.,Oil & Gas Midstream,
CRSR,"Corsair Gaming, Inc.",Computer Hardware,
MCB,Metropolitan Bank Holding Corp.,Banks - Regional,
RMR,The RMR Group Inc.,Real Estate Services,
DMRC,Digimarc Corporation,Information Technology Services,
ADSE,ADS-TEC Energy PLC,Electrical Equipment & Parts,
GCI,"Gannett Co., Inc.",Publishing,
UFCS,"United Fire Group, Inc.",Insurance - Property & Casualty,
PRTH,"Priority Technology Holdings, Inc.",Software - Infrastructure,
SHEN,Shenandoah Telecommunications Company,Telecom Services,
YALA,Yalla Group Limited,Software - Application,
NTGR,"NETGEAR, Inc.",Communication Equipment,
FSBC,Five Star Bancorp,Banks - Regional,
GOTU,Gaotu Techedu Inc.,Education & Training Services,
TRST,TrustCo Bank Corp NY,Banks - Regional,
HAIN,"The Hain Celestial Group, Inc.",Packaged Foods,
AACT,Ares Acquisition Corporation II,Shell Companies,
SCHL,Scholastic Corporation,Publishing,
SMP,"Standard Motor Products, Inc.",Auto Parts,
MCS,The Marcus Corporation,Entertainment,
HIPO,Hippo Holdings Inc.,Insurance - Specialty,
METC,"Ramaco Resources, Inc.",Coking Coal,
DAKT,"Daktronics, Inc.",Electronic Components,
BIOA,"BioAge Labs, Inc.",Biotechnology,
RBBN,Ribbon Communications Inc.,Telecom Services,
SBC,SBC Medical Group Holdings Incorporated,Consulting Services,
CRMD,CorMedix Inc.,Biotechnology,
EVER,"EverQuote, Inc.",Internet Content & Information,
MATV,"Mativ Holdings, Inc.",Specialty Chemicals,
VEL,"Velocity Financial, Inc.",Mortgage Finance,
FTEL,Fitell Corporation,Specialty Retail,
CAC,Camden National Corporation,Banks - Regional,
SWIM,"Latham Group, Inc.",Building Products & Equipment,
ABUS,Arbutus Biopharma Corporation,Biotechnology,
EZPW,"EZCORP, Inc.",Credit Services,
MOFG,"MidWestOne Financial Group, Inc.",Banks - Regional,
PPTA,Perpetua Resources Corp.,Other Precious Metals & Mining,
INNV,InnovAge Holding Corp.,Medical Care Facilities,
SSYS,Stratasys Ltd.,Computer Hardware,
HZO,"MarineMax, Inc.",Specialty Retail,
DNTH,"Dianthus Therapeutics, Inc.",Biotechnology,
ADPT,Adaptive Biotechnologies Corporation,Biotechnology,
CEVA,"CEVA, Inc.",Semiconductors,
PLPC,Preformed Line Products Company,Electrical Equipment & Parts,
BH,Biglari Holdings Inc.,Restaurants,
IRMD,IRADIMED CORPORATION,Medical Devices,
VREX,Varex Imaging Corporation,Medical Devices,
IMXI,"International Money Express, Inc.",Software - Infrastructure,
CTLP,"Cantaloupe, Inc.",Information Technology Services,
SEDG,"SolarEdge Technologies, Inc.",Solar,
DH,Definitive Healthcare Corp.,Health Information Services,
ABL,"Abacus Life, Inc.",Insurance - Life,
METCB,"Ramaco Resources, Inc.",Coking Coal,
HTBI,"HomeTrust Bancshares, Inc.",Banks - Regional,
BH.A,Biglari Holdings Inc.,Restaurants,
HTBK,Heritage Commerce Corp,Banks - Regional,
CCBG,"Capital City Bank Group, Inc.",Banks - Regional,
WEST,Westrock Coffee Company,Packaged Foods,
PGY,Pagaya Technologies Ltd.,Software - Infrastructure,
NCMI,"National CineMedia, Inc.",Advertising Agencies,
RGR,"Sturm, Ruger & Company, Inc.",Aerospace & Defense,
NAT,Nordic American Tankers Limited,Oil & Gas Midstream,
EXAI,Exscientia plc,Biotechnology,
EXTO,Almacenes Éxito S.A.,Department Stores,
EYPT,"EyePoint Pharmaceuticals, Inc.",Biotechnology,
PGC,Peapack-Gladstone Financial Corporation,Banks - Regional,
OPAL,OPAL Fuels Inc.,Utilities - Regulated Gas,
DAO,"Youdao, Inc.",Education & Training Services,
FFWM,First Foundation Inc.,Banks - Regional,
ACIC,American Coastal Insurance Corporation,Insurance - Property & Casualty,
NR,"Newpark Resources, Inc.",Oil & Gas Equipment & Services,
TECX,"Tectonic Therapeutic, Inc.",Biotechnology,
UVE,"Universal Insurance Holdings, Inc.",Insurance - Property & Casualty,
OSPN,OneSpan Inc.,Software - Infrastructure,
MLYS,"Mineralys Therapeutics, Inc.",Biotechnology,
STRW,"Strawberry Fields REIT, Inc.",REIT - Healthcare Facilities,
WRLD,World Acceptance Corporation,Credit Services,
AMPS,"Altus Power, Inc.",Utilities - Renewable,
BRCC,BRC Inc.,Packaged Foods,
MTUS,Metallus Inc.,Steel,
PHAT,"Phathom Pharmaceuticals, Inc.",Biotechnology,
TRDA,"Entrada Therapeutics, Inc.",Biotechnology,
OCS,Oculis Holding AG,Biotechnology,
WASH,"Washington Trust Bancorp, Inc.",Banks - Regional,
RERE,ATRenew Inc.,Internet Retail,
OPY,Oppenheimer Holdings Inc.,Capital Markets,
TGB,Taseko Mines Limited,Copper,
ZKH,ZKH Group Limited,Internet Retail,
CMP,"Compass Minerals International, Inc.",Other Industrial Metals & Mining,
ATEX,Anterix Inc.,Telecom Services,
PBT,Permian Basin Royalty Trust,Oil & Gas Midstream,
ORC,"Orchid Island Capital, Inc.",REIT - Mortgage,
BFLY,"Butterfly Network, Inc.",Medical Devices,
TRML,"Tourmaline Bio, Inc.",Biotechnology,
LXU,"LSB Industries, Inc.",Chemicals,
ADTN,"ADTRAN Holdings, Inc.",Communication Equipment,
ORIC,"ORIC Pharmaceuticals, Inc.",Biotechnology,
SPTN,SpartanNash Company,Food Distribution,
LEGH,Legacy Housing Corporation,Residential Construction,
OLP,"One Liberty Properties, Inc.",REIT - Diversified,
DOGZ,Dogness (International) Corporation,Leisure,
CION,CION Investment Corporation,Asset Management,
FPI,Farmland Partners Inc.,REIT - Specialty,
SPFI,"South Plains Financial, Inc.",Banks - Regional,
TEN,Tsakos Energy Navigation Limited,Oil & Gas Midstream,
ANAB,"AnaptysBio, Inc.",Biotechnology,
FRPH,"FRP Holdings, Inc.",Real Estate Services,
SMBK,"SmartFinancial, Inc.",Banks - Regional,
CASS,"Cass Information Systems, Inc.",Specialty Business Services,
GMRE,Global Medical REIT Inc.,REIT - Healthcare Facilities,
DHC,Diversified Healthcare Trust,REIT - Healthcare Facilities,
MPB,"Mid Penn Bancorp, Inc.",Banks - Regional,
OPFI,OppFi Inc.,Credit Services,
STOK,"Stoke Therapeutics, Inc.",Biotechnology,
AMBC,"Ambac Financial Group, Inc.",Insurance - Specialty,
THRY,"Thryv Holdings, Inc.",Internet Content & Information,
IRWD,"Ironwood Pharmaceuticals, Inc.",Drug Manufacturers - Specialty & Generic,
CLMB,"Climb Global Solutions, Inc.",Electronics & Computer Distribution,
RYAM,Rayonier Advanced Materials Inc.,Chemicals,
HIFS,Hingham Institution for Savings,Banks - Regional,
CLNE,Clean Energy Fuels Corp.,Oil & Gas Refining & Marketing,
CSV,"Carriage Services, Inc.",Personal Services,
WLDN,"Willdan Group, Inc.",Engineering & Construction,
LAB,Standard BioTools Inc.,Medical Devices,
CTO,"CTO Realty Growth, Inc.",REIT - Diversified,
FPH,"Five Point Holdings, LLC",Real Estate - Development,
SWBI,"Smith & Wesson Brands, Inc.",Aerospace & Defense,
KIDS,OrthoPediatrics Corp.,Medical Devices,
ATRO,Astronics Corporation,Aerospace & Defense,
NGL,NGL Energy Partners LP,Oil & Gas Midstream,
GLAD,Gladstone Capital Corporation,Asset Management,
CLCO,Cool Company Ltd.,Oil & Gas Midstream,
BTBT,"Bit Digital, Inc.",Capital Markets,
ZBIO,"Zenas BioPharma, Inc.",Biotechnology,
IIIN,"Insteel Industries, Inc.",Metal Fabrication,
RSVR,"Reservoir Media, Inc.",Entertainment,
LYTS,LSI Industries Inc.,Electronic Components,
FLX,BingEx Limited,Integrated Freight & Logistics,
ALT,"Altimmune, Inc.",Biotechnology,
TREE,"LendingTree, Inc.",Financial Conglomerates,
ABVX,ABIVAX Société Anonyme,Biotechnology,
PACK,Ranpak Holdings Corp.,Packaging & Containers,
AXGN,"Axogen, Inc.",Medical Devices,
ESQ,"Esquire Financial Holdings, Inc.",Banks - Regional,
HUMA,"Humacyte, Inc.",Biotechnology,
NVRI,Enviri Corporation,Waste Management,
KRT,Karat Packaging Inc.,Packaging & Containers,
CCNE,CNB Financial Corporation,Banks - Regional,
PLOW,"Douglas Dynamics, Inc.",Auto Parts,
CNDT,Conduent Incorporated,Information Technology Services,
THFF,First Financial Corporation,Banks - Regional,
HSAI,Hesai Group,Auto Parts,
MNTK,"Montauk Renewables, Inc.",Utilities - Diversified,
CDXC,ChromaDex Corporation,Packaged Foods,
IMNM,"Immunome, Inc.",Biotechnology,
MEG,"Montrose Environmental Group, Inc.",Waste Management,
ALTI,"AlTi Global, Inc.",Asset Management,
FMNB,Farmers National Banc Corp.,Banks - Regional,
SRDX,"Surmodics, Inc.",Medical Devices,
IGMS,"IGM Biosciences, Inc.",Biotechnology,
CVAC,CureVac N.V.,Biotechnology,
GDOT,Green Dot Corporation,Credit Services,
HNRG,Hallador Energy Company,Thermal Coal,
UHT,Universal Health Realty Income Trust,REIT - Healthcare Facilities,
MSBI,"Midland States Bancorp, Inc.",Banks - Regional,
NFBK,"Northfield Bancorp, Inc. (Staten Island, NY)",Banks - Regional,
NEXN,Nexxen International Ltd.,Advertising Agencies,
ANNX,"Annexon, Inc.",Biotechnology,
HKD,AMTD Digital Inc.,Software - Application,
CRD.A,Crawford & Company,Insurance Brokers,
BCAL,California BanCorp.,Banks - Regional,
LZM,Lifezone Metals Limited,Other Industrial Metals & Mining,
FNKO,"Funko, Inc.",Leisure,
EGY,"VAALCO Energy, Inc.",Oil & Gas Exploration & Production,
CNSL,"Consolidated Communications Holdings, Inc.",Telecom Services,
SLP,"Simulations Plus, Inc.",Health Information Services,
ECX,ECARX Holdings Inc.,Auto Parts,
ITRN,Ituran Location and Control Ltd.,Scientific & Technical Instruments,
INV,"Innventure, Inc.",Asset Management,
ALRS,Alerus Financial Corporation,Banks - Regional,
HIVE,HIVE Digital Technologies Ltd.,Capital Markets,
GCBC,"Greene County Bancorp, Inc.",Banks - Regional,
LX,LexinFintech Holdings Ltd.,Credit Services,
LVRO,Lavoro Limited,Agricultural Inputs,
AROW,Arrow Financial Corporation,Banks - Regional,
MGIC,Magic Software Enterprises Ltd.,Information Technology Services,
ORGO,Organogenesis Holdings Inc.,Drug Manufacturers - Specialty & Generic,
ALMS,Alumis Inc.,Biotechnology,
DGICA,Donegal Group Inc.,Insurance - Property & Casualty,
EAF,GrafTech International Ltd.,Electrical Equipment & Parts,
MYTE,MYT Netherlands Parent B.V.,Luxury Goods,
MNMD,Mind Medicine (MindMed) Inc.,Biotechnology,
EBF,"Ennis, Inc.",Business Equipment & Supplies,
ILLR,Triller Group Inc.,Software - Application,
MBX,"MBX Biosciences, Inc.",Biotechnology,
CPAC,Cementos Pacasmayo S.A.A.,Building Materials,
VINP,Vinci Partners Investments Ltd.,Asset Management,
NPK,"National Presto Industries, Inc.",Aerospace & Defense,
MLAB,"Mesa Laboratories, Inc.",Scientific & Technical Instruments,
HONE,"HarborOne Bancorp, Inc.",Banks - Regional,
SANA,"Sana Biotechnology, Inc.",Biotechnology,
SHBI,"Shore Bancshares, Inc.",Banks - Regional,
DGICB,Donegal Group Inc.,Insurance - Property & Casualty,
OPT,Opthea Limited,Biotechnology,
NYMT,"New York Mortgage Trust, Inc.",REIT - Mortgage,
BHB,Bar Harbor Bankshares,Banks - Regional,
MREO,Mereo BioPharma Group plc,Biotechnology,
FLGT,"Fulgent Genetics, Inc.",Diagnostics & Research,
NOA,North American Construction Group Ltd.,Oil & Gas Equipment & Services,
LESL,"Leslie's, Inc.",Specialty Retail,
NWPX,Northwest Pipe Company,Metal Fabrication,
PFIS,Peoples Financial Services Corp.,Banks - Regional,
AUNA,Auna S.A.,Medical Care Facilities,
SNDL,SNDL Inc.,Beverages - Wineries & Distilleries,
CHCT,Community Healthcare Trust Incorporated,REIT - Healthcare Facilities,
CRD.B,Crawford & Company,Insurance Brokers,
ASPI,ASP Isotopes Inc.,Chemicals,
TALK,"Talkspace, Inc.",Health Information Services,
THRD,"Third Harmonic Bio, Inc.",Biotechnology,
LASR,"nLIGHT, Inc.",Semiconductors,
ACCO,ACCO Brands Corporation,Business Equipment & Supplies,
ITIC,Investors Title Company,Insurance - Specialty,
ATXS,"Astria Therapeutics, Inc.",Biotechnology,
VZLA,Vizsla Silver Corp.,Other Industrial Metals & Mining,
SVRA,Savara Inc.,Biotechnology,
ASC,Ardmore Shipping Corporation,Marine Shipping,
TTI,"TETRA Technologies, Inc.",Oil & Gas Equipment & Services,
NOVA,Sunnova Energy International Inc.,Solar,
FVR,"FrontView REIT, Inc.",REIT - Retail,
YORW,The York Water Company,Utilities - Regulated Water,
GLUE,"Monte Rosa Therapeutics, Inc.",Biotechnology,
GHRS,GH Research PLC,Biotechnology,
PSBD,Palmer Square Capital BDC Inc.,Asset Management,
PHAR,Pharming Group N.V.,Biotechnology,
HYLN,Hyliion Holdings Corp.,Auto Parts,
SIBN,"SI-BONE, Inc.",Medical Devices,
GRAL,"GRAIL, Inc.",Diagnostics & Research,
LAAC,Lithium Americas (Argentina) Corp.,Other Industrial Metals & Mining,
RXT,"Rackspace Technology, Inc.",Software - Infrastructure,
CRVS,"Corvus Pharmaceuticals, Inc.",Biotechnology,
BGS,"B&G Foods, Inc.",Packaged Foods,
UIS,Unisys Corporation,Information Technology Services,
KELYB,"Kelly Services, Inc.",Staffing & Employment Services,
KRNY,Kearny Financial Corp.,Banks - Regional,
OFLX,"Omega Flex, Inc.",Specialty Industrial Machinery,
GLRE,"Greenlight Capital Re, Ltd.",Insurance - Reinsurance,
BBAI,"BigBear.ai Holdings, Inc.",Information Technology Services,
CAN,Canaan Inc.,Computer Hardware,
CYH,"Community Health Systems, Inc.",Medical Care Facilities,
ODC,Oil-Dri Corporation of America,Specialty Chemicals,
PROK,ProKidney Corp.,Biotechnology,
CGNT,Cognyte Software Ltd.,Software - Infrastructure,
URG,Ur-Energy Inc.,Uranium,
EOSE,"Eos Energy Enterprises, Inc.",Electrical Equipment & Parts,
LOVE,The Lovesac Company,"Furnishings, Fixtures & Appliances",
GAIN,Gladstone Investment Corporation,Asset Management,
BAND,Bandwidth Inc.,Software - Infrastructure,
TERN,"Terns Pharmaceuticals, Inc.",Biotechnology,
KELYA,"Kelly Services, Inc.",Staffing & Employment Services,
PRTC,PureTech Health plc,Biotechnology,
OLMA,"Olema Pharmaceuticals, Inc.",Biotechnology,
IVR,Invesco Mortgage Capital Inc.,REIT - Mortgage,
CRML,Critical Metals Corp.,Other Industrial Metals & Mining,
FFIC,Flushing Financial Corporation,Banks - Regional,
YMAB,"Y-mAbs Therapeutics, Inc.",Biotechnology,
BIGC,"BigCommerce Holdings, Inc.",Software - Application,
TMCI,"Treace Medical Concepts, Inc.",Medical Devices,
RDUS,"Radius Recycling, Inc.",Steel,
ZVRA,"Zevra Therapeutics, Inc.",Biotechnology,
GFR,Greenfire Resources Ltd.,Oil & Gas Exploration & Production,
GDEV,GDEV Inc.,Electronic Gaming & Multimedia,
DIN,"Dine Brands Global, Inc.",Restaurants,
SENEB,Seneca Foods Corporation,Packaged Foods,
RDVT,"Red Violet, Inc.",Software - Application,
TBPH,"Theravance Biopharma, Inc.",Biotechnology,
RZLV,Rezolve AI Limited,Software - Infrastructure,
TCBX,"Third Coast Bancshares, Inc.",Banks - Regional,
LMNR,Limoneira Company,Farm Products,
VALU,"Value Line, Inc.",Financial Data & Stock Exchanges,
CHPT,"ChargePoint Holdings, Inc.",Specialty Retail,
AGS,"PlayAGS, Inc.",Gambling,
NNDM,Nano Dimension Ltd.,Computer Hardware,
BBW,"Build-A-Bear Workshop, Inc.",Specialty Retail,
CVGW,"Calavo Growers, Inc.",Food Distribution,
SENEA,Seneca Foods Corporation,Packaged Foods,
SFIX,"Stitch Fix, Inc.",Apparel Retail,
RCAT,"Red Cat Holdings, Inc.",Computer Hardware,
LINC,Lincoln Educational Services Corporation,Education & Training Services,
TYG,Tortoise Energy Infrastructure Corporation,Asset Management,
HPP,"Hudson Pacific Properties, Inc.",REIT - Office,
FARO,"FARO Technologies, Inc.",Scientific & Technical Instruments,
URGN,UroGen Pharma Ltd.,Biotechnology,
REAL,"The RealReal, Inc.",Luxury Goods,
KE,"Kimball Electronics, Inc.",Electrical Equipment & Parts,
QD,Qudian Inc.,Credit Services,
FUBO,fuboTV Inc.,Broadcasting,
GBLI,"Global Indemnity Group, LLC",Insurance - Property & Casualty,
FLWS,"1-800-FLOWERS.COM, Inc.",Specialty Retail,
FC,Franklin Covey Co.,Education & Training Services,
CELC,Celcuity Inc.,Biotechnology,
PKST,Peakstone Realty Trust,REIT - Office,
SLRN,"Acelyrin, Inc.",Biotechnology,
GTI,Graphjet Technology,Other Industrial Metals & Mining,
ARCT,Arcturus Therapeutics Holdings Inc.,Biotechnology,
GRVY,"Gravity Co., Ltd.",Electronic Gaming & Multimedia,
DHIL,"Diamond Hill Investment Group, Inc.",Asset Management,
SB,"Safe Bulkers, Inc.",Marine Shipping,
MGTX,MeiraGTx Holdings plc,Biotechnology,
ESPR,"Esperion Therapeutics, Inc.",Drug Manufacturers - Specialty & Generic,
EBS,Emergent BioSolutions Inc.,Drug Manufacturers - Specialty & Generic,
HOUS,Anywhere Real Estate Inc.,Real Estate Services,
RGNX,REGENXBIO Inc.,Biotechnology,
PACB,"Pacific Biosciences of California, Inc.",Medical Devices,
PNNT,PennantPark Investment Corporation,Asset Management,
BWMN,Bowman Consulting Group Ltd.,Engineering & Construction,
GHM,Graham Corporation,Specialty Industrial Machinery,
JMIA,Jumia Technologies AG,Internet Retail,
CBNK,"Capital Bancorp, Inc.",Banks - Regional,
MLP,"Maui Land & Pineapple Company, Inc.",Real Estate Services,
LE,"Lands' End, Inc.",Apparel Retail,
YRD,Yiren Digital Ltd.,Credit Services,
SHYF,"The Shyft Group, Inc.",Farm & Heavy Construction Machinery,
BOC,Boston Omaha Corporation,Conglomerates,
NLOP,Net Lease Office Properties,REIT - Office,
CCSI,"Consensus Cloud Solutions, Inc.",Software - Infrastructure,
ANSC,Agriculture & Natural Solutions Acquisition Corporation,Shell Companies,
XERS,"Xeris Biopharma Holdings, Inc.",Biotechnology,
VLGEA,"Village Super Market, Inc.",Grocery Stores,
VBNK,VersaBank,Banks - Regional,
HCAT,"Health Catalyst, Inc.",Health Information Services,
MUX,McEwen Mining Inc.,Other Precious Metals & Mining,
OABI,"OmniAb, Inc.",Biotechnology,
NRIM,"Northrim BanCorp, Inc.",Banks - Regional,
AURA,"Aura Biosciences, Inc.",Biotechnology,
UNTY,"Unity Bancorp, Inc.",Banks - Regional,
BKKT,"Bakkt Holdings, Inc.",Software - Infrastructure,
AAM,AA Mission Acquisition Corp.,Shell Companies,
NRC,National Research Corporation,Health Information Services,
GPRK,GeoPark Limited,Oil & Gas Exploration & Production,
EQV,EQV Ventures Acquisition Corp.,Shell Companies,
BSRR,Sierra Bancorp,Banks - Regional,
RNAC,"Cartesian Therapeutics, Inc.",Biotechnology,
SIGA,"SIGA Technologies, Inc.",Drug Manufacturers - Specialty & Generic,
KRRO,"Korro Bio, Inc.",Biotechnology,
SNDA,"Sonida Senior Living, Inc.",Medical Care Facilities,
BSVN,Bank7 Corp.,Banks - Regional,
ZEUS,"Olympic Steel, Inc.",Steel,
EBTC,"Enterprise Bancorp, Inc.",Banks - Regional,
AQST,"Aquestive Therapeutics, Inc.",Drug Manufacturers - Specialty & Generic,
CLDT,Chatham Lodging Trust,REIT - Hotel & Motel,
GAMB,Gambling.com Group Limited,Gambling,
ALLO,"Allogene Therapeutics, Inc.",Biotechnology,
GTN.A,"Gray Television, Inc.",Broadcasting,
SD,"SandRidge Energy, Inc.",Oil & Gas Exploration & Production,
OUST,"Ouster, Inc.",Electronic Components,
CATX,"Perspective Therapeutics, Inc.",Medical Devices,
RICK,"RCI Hospitality Holdings, Inc.",Restaurants,
ACTG,Acacia Research Corporation,Business Equipment & Supplies,
LAND,Gladstone Land Corporation,REIT - Specialty,
FHTX,Foghorn Therapeutics Inc.,Biotechnology,
KODK,Eastman Kodak Company,Specialty Business Services,
FMAO,"Farmers & Merchants Bancorp, Inc.",Banks - Regional,
CARE,"Carter Bankshares, Inc.",Banks - Regional,
PKOH,Park-Ohio Holdings Corp.,Specialty Industrial Machinery,
SLQT,"SelectQuote, Inc.",Insurance Brokers,
SVC,Service Properties Trust,REIT - Hotel & Motel,
GNE,Genie Energy Ltd.,Utilities - Regulated Electric,
TWI,"Titan International, Inc.",Farm & Heavy Construction Machinery,
QTRX,Quanterix Corporation,Medical Devices,
TRC,Tejon Ranch Co.,Conglomerates,
TSHA,"Taysha Gene Therapies, Inc.",Biotechnology,
RBB,RBB Bancorp,Banks - Regional,
AIRJ,AirJoule Technologies Corporation,Building Products & Equipment,
OBE,Obsidian Energy Ltd.,Oil & Gas Exploration & Production,
API,"Agora, Inc.",Software - Application,
MERC,Mercer International Inc.,Paper & Paper Products,
WOW,"WideOpenWest, Inc.",Telecom Services,
WDH,Waterdrop Inc.,Insurance - Diversified,
CLW,Clearwater Paper Corporation,Paper & Paper Products,
FBIZ,"First Business Financial Services, Inc.",Banks - Regional,
TNGX,"Tango Therapeutics, Inc.",Biotechnology,
SGU,"Star Group, L.P.",Oil & Gas Refining & Marketing,
EVLV,"Evolv Technologies Holdings, Inc.",Security & Protection Services,
TRAK,"ReposiTrak, Inc.",Software - Application,
GNTY,"Guaranty Bancshares, Inc.",Banks - Regional,
AMCX,AMC Networks Inc.,Entertainment,
RIGL,"Rigel Pharmaceuticals, Inc.",Biotechnology,
GTN,"Gray Television, Inc.",Broadcasting,
MOV,"Movado Group, Inc.",Luxury Goods,
USAP,"Universal Stainless & Alloy Products, Inc.",Steel,
LND,BrasilAgro - Companhia Brasileira de Propriedades Agrícolas,Farm Products,
SPMC,"Sound Point Meridian Capital, Inc.",,
CWCO,Consolidated Water Co. Ltd.,Utilities - Regulated Water,
YSG,Yatsen Holding Limited,Household & Personal Products,
NETD,Nabors Energy Transition Corp. II,Shell Companies,
DCGO,DocGo Inc.,Medical Care Facilities,
BYRN,Byrna Technologies Inc.,Aerospace & Defense,
ALNT,Allient Inc.,Electronic Components,
SGMO,"Sangamo Therapeutics, Inc.",Biotechnology,
BIOX,Bioceres Crop Solutions Corp.,Agricultural Inputs,
RVNC,"Revance Therapeutics, Inc.",Biotechnology,
CLFD,"Clearfield, Inc.",Communication Equipment,
FISI,"Financial Institutions, Inc.",Banks - Regional,
PAMT,Pamt Corp.,Other,
CGC,Canopy Growth Corporation,Drug Manufacturers - Specialty & Generic,
BMRC,Bank of Marin Bancorp,Banks - Regional,
ZUMZ,Zumiez Inc.,Apparel Retail,
MTLS,Materialise NV,Software - Application,
BWB,"Bridgewater Bancshares, Inc.",Banks - Regional,
CURV,Torrid Holdings Inc.,Apparel Retail,
MYE,"Myers Industries, Inc.",Packaging & Containers,
ACNB,ACNB Corporation,Banks - Regional,
PERI,Perion Network Ltd.,Internet Content & Information,
MITK,"Mitek Systems, Inc.",Software - Application,
WALD,Waldencast plc,Shell Companies,
SOHU,Sohu.com Limited,Electronic Gaming & Multimedia,
BLDP,Ballard Power Systems Inc.,Specialty Industrial Machinery,
DDD,3D Systems Corporation,Computer Hardware,
VERV,"Verve Therapeutics, Inc.",Biotechnology,
ENGN,enGene Holdings Inc.,Biotechnology,
TKNO,"Alpha Teknova, Inc.",Drug Manufacturers - Specialty & Generic,
FDMT,"4D Molecular Therapeutics, Inc.",Biotechnology,
WTBA,"West Bancorporation, Inc.",Banks - Regional,
OTLY,Oatly Group AB,Packaged Foods,
SLSR,Solaris Resources Inc.,Other Precious Metals & Mining,
AKBA,"Akebia Therapeutics, Inc.",Drug Manufacturers - Specialty & Generic,
LRMR,"Larimar Therapeutics, Inc.",Biotechnology,
CWBC,Community West Bancshares,Banks - Regional,
PSTL,"Postal Realty Trust, Inc.",REIT - Office,
KALV,"KalVista Pharmaceuticals, Inc.",Biotechnology,
LSAK,"Lesaka Technologies, Inc.",Software - Infrastructure,
BRT,BRT Apartments Corp.,REIT - Residential,
SKYT,"SkyWater Technology, Inc.",Semiconductors,
LSEA,Landsea Homes Corporation,Real Estate - Development,
XPER,Xperi Inc.,Software - Application,
RRBI,"Red River Bancshares, Inc.",Banks - Regional,
HBCP,"Home Bancorp, Inc.",Banks - Regional,
USCB,"USCB Financial Holdings, Inc.",Banks - Regional,
ACRE,Ares Commercial Real Estate Corporation,REIT - Mortgage,
CANG,Cango Inc.,Auto & Truck Dealerships,
LAZR,"Luminar Technologies, Inc.",Auto Parts,
ASA,ASA Gold and Precious Metals Limited,Asset Management,
LXFR,Luxfer Holdings PLC,Specialty Industrial Machinery,
SMC,Summit Midstream Corporation,Oil & Gas Midstream,
RWAY,Runway Growth Finance Corp.,Credit Services,
NUS,"Nu Skin Enterprises, Inc.",Household & Personal Products,
NREF,"NexPoint Real Estate Finance, Inc.",REIT - Mortgage,
HVT.A,"Haverty Furniture Companies, Inc.",Home Improvement Retail,
PRQR,ProQR Therapeutics N.V.,Biotechnology,
SEG,Seaport Entertainment Group Inc.,Real Estate Services,
SCM,Stellus Capital Investment Corporation,Asset Management,
PRME,"Prime Medicine, Inc.",Biotechnology,
HVT,"Haverty Furniture Companies, Inc.",Home Improvement Retail,
NL,"NL Industries, Inc.",Security & Protection Services,
GAU,Galiano Gold Inc.,Gold,
CCIX,Churchill Capital Corp IX,Shell Companies,
QBTS,D-Wave Quantum Inc.,Computer Hardware,
TCMD,"Tactile Systems Technology, Inc.",Medical Devices,
DADA,Dada Nexus Limited,Internet Retail,
SERV,Serve Robotics Inc.,Specialty Industrial Machinery,
EHAB,"Enhabit, Inc.",Medical Care Facilities,
LGTY,"Logility Supply Chain Solutions, Inc.",Software - Application,
VALN,Valneva SE,Biotechnology,
JILL,"J.Jill, Inc.",Apparel Retail,
ALEC,"Alector, Inc.",Biotechnology,
NEWT,"NewtekOne, Inc.",Banks - Regional,
NVEC,NVE Corporation,Semiconductors,
GPAT,GP-Act III Acquisition Corp.,Shell Companies,
OOMA,"Ooma, Inc.",Software - Application,
ZIMV,ZimVie Inc.,Medical Devices,
FRBA,First Bank,Banks - Regional,
ALF,Centurion Acquisition Corp.,Shell Companies,
COOK,"Traeger, Inc.","Furnishings, Fixtures & Appliances",
MBAV,M3-Brigade Acquisition V Corp.,Shell Companies,
AIRS,"AirSculpt Technologies, Inc.",Medical Care Facilities,
QUAD,"Quad/Graphics, Inc.",Specialty Business Services,
ISPR,Ispire Technology Inc.,Tobacco,
CIX,CompX International Inc.,Security & Protection Services,
XOMA,XOMA Royalty Corporation,Biotechnology,
SSBK,"Southern States Bancshares, Inc.",Banks - Regional,
HRTG,"Heritage Insurance Holdings, Inc.",Insurance - Property & Casualty,
IHRT,"iHeartMedia, Inc.",Broadcasting,
RNGR,"Ranger Energy Services, Inc.",Oil & Gas Equipment & Services,
LOCO,"El Pollo Loco Holdings, Inc.",Restaurants,
QTTB,Q32 Bio Inc.,Biotechnology,
SFST,"Southern First Bancshares, Inc.",Banks - Regional,
MTRX,Matrix Service Company,Engineering & Construction,
NFGC,New Found Gold Corp.,Gold,
ARTNA,Artesian Resources Corporation,Utilities - Regulated Water,
DNA,"Ginkgo Bioworks Holdings, Inc.",Biotechnology,
RMAX,"RE/MAX Holdings, Inc.",Real Estate Services,
FSBW,"FS Bancorp, Inc.",Banks - Regional,
EGHT,"8x8, Inc.",Software - Application,
SPIR,"Spire Global, Inc.",Specialty Business Services,
SAR,Saratoga Investment Corp.,Asset Management,
NWTN,NWTN Inc.,Auto Manufacturers,
MXCT,"MaxCyte, Inc.",Medical Devices,
MTW,"The Manitowoc Company, Inc.",Farm & Heavy Construction Machinery,
LWAY,"Lifeway Foods, Inc.",Packaged Foods,
HRZN,Horizon Technology Finance Corporation,Asset Management,
AMLX,"Amylyx Pharmaceuticals, Inc.",Biotechnology,
NATH,"Nathan's Famous, Inc.",Restaurants,
IBEX,IBEX Limited,Information Technology Services,
CRMT,"America's Car-Mart, Inc.",Auto & Truck Dealerships,
CIVB,"Civista Bancshares, Inc.",Banks - Regional,
RCEL,"AVITA Medical, Inc.",Medical Devices,
NVTS,Navitas Semiconductor Corporation,Semiconductors,
CTNM,"Contineum Therapeutics, Inc.",Biotechnology,
OMER,Omeros Corporation,Biotechnology,
MSB,Mesabi Trust,Steel,
GRPN,"Groupon, Inc.",Internet Content & Information,
CDXS,"Codexis, Inc.",Biotechnology,
NECB,"Northeast Community Bancorp, Inc.",Banks - Regional,
SMLR,"Semler Scientific, Inc.",Medical Devices,
MCFT,"MasterCraft Boat Holdings, Inc.",Recreational Vehicles,
MEC,"Mayville Engineering Company, Inc.",Metal Fabrication,
KMDA,Kamada Ltd.,Drug Manufacturers - Specialty & Generic,
EB,"Eventbrite, Inc.",Software - Application,
INBK,First Internet Bancorp,Banks - Regional,
TRUE,"TrueCar, Inc.",Internet Content & Information,
LWLG,"Lightwave Logic, Inc.",Specialty Chemicals,
CCRN,"Cross Country Healthcare, Inc.",Medical Care Facilities,
CYRX,"Cryoport, Inc.",Integrated Freight & Logistics,
OBT,"Orange County Bancorp, Inc.",Banks - Regional,
CYD,China Yuchai International Limited,Auto Manufacturers,
CVEO,Civeo Corporation,Lodging,
MPX,Marine Products Corporation,Recreational Vehicles,
NNOX,Nano-X Imaging Ltd.,Medical Devices,
UROY,Uranium Royalty Corp.,Uranium,
IPXX,Inflection Point Acquisition Corp. II,Shell Companies,
WEYS,"Weyco Group, Inc.",Footwear & Accessories,
CZFS,"Citizens Financial Services, Inc.",Banks - Regional,
OIS,"Oil States International, Inc.",Oil & Gas Equipment & Services,
GMGI,"Golden Matrix Group, Inc.",Electronic Gaming & Multimedia,
PNRG,PrimeEnergy Resources Corporation,Oil & Gas Exploration & Production,
JMSB,"John Marshall Bancorp, Inc.",Banks - Regional,
IPI,"Intrepid Potash, Inc.",Agricultural Inputs,
SDST,Stardust Power Inc.,Electrical Equipment & Parts,
APEI,"American Public Education, Inc.",Education & Training Services,
GIG,GigCapital7 Corp.,Shell Companies,
PRCH,"Porch Group, Inc.",Software - Application,
BYND,"Beyond Meat, Inc.",Packaged Foods,
VMD,"Viemed Healthcare, Inc.",Medical Devices,
DOMO,"Domo, Inc.",Software - Application,
ORN,"Orion Group Holdings, Inc.",Engineering & Construction,
AEHR,"Aehr Test Systems, Inc.",Semiconductor Equipment & Materials,
NODK,"NI Holdings, Inc.",Insurance - Property & Casualty,
CVRX,"CVRx, Inc.",Medical Devices,
EWCZ,"European Wax Center, Inc.",Household & Personal Products,
ASLE,AerSale Corporation,Airports & Air Services,
MBI,MBIA Inc.,Insurance - Specialty,
BRY,Berry Corporation,Oil & Gas Exploration & Production,
SLI,Standard Lithium Ltd.,Other Industrial Metals & Mining,
AIP,"Arteris, Inc.",Semiconductors,
CDRO,"Codere Online Luxembourg, S.A.",Gambling,
UHG,"United Homes Group, Inc.",Residential Construction,
JOUT,Johnson Outdoors Inc.,Leisure,
NIPG,NIP Group Inc.,Entertainment,
GCO,Genesco Inc.,Apparel Retail,
LAW,"CS Disco, Inc.",Software - Application,
RLGT,"Radiant Logistics, Inc.",Integrated Freight & Logistics,
SPOK,"Spok Holdings, Inc.",Health Information Services,
ARQ,"Arq, Inc.",Pollution & Treatment Controls,
NGS,"Natural Gas Services Group, Inc.",Oil & Gas Equipment & Services,
IONR,ioneer Ltd,Other Industrial Metals & Mining,
GEVO,"Gevo, Inc.",Specialty Chemicals,
CMPS,COMPASS Pathways plc,Medical Care Facilities,
ACIU,AC Immune SA,Biotechnology,
SMTI,Sanara MedTech Inc.,Medical Instruments & Supplies,
DOYU,DouYu International Holdings Limited,Internet Content & Information,
COFS,"ChoiceOne Financial Services, Inc.",Banks - Regional,
DENN,Denny's Corporation,Restaurants,
TPVG,TriplePoint Venture Growth BDC Corp.,Asset Management,
HYAC,Haymaker Acquisition Corp. 4,Shell Companies,
MEI,"Methode Electronics, Inc.",Electronic Components,
LXRX,"Lexicon Pharmaceuticals, Inc.",Biotechnology,
TITN,Titan Machinery Inc.,Industrial Distribution,
VACH,Voyager Acquisition Corp.,Shell Companies,
MAMA,"Mama's Creations, Inc.",Packaged Foods,
FORR,"Forrester Research, Inc.",Consulting Services,
GWRS,"Global Water Resources, Inc.",Utilities - Regulated Water,
GENC,"Gencor Industries, Inc.",Farm & Heavy Construction Machinery,
HSHP,Himalaya Shipping Ltd.,Marine Shipping,
DCTH,"Delcath Systems, Inc.",Medical Devices,
FNLC,"The First Bancorp, Inc.",Banks - Regional,
PCYO,Pure Cycle Corporation,Utilities - Regulated Water,
FREY,"FREYR Battery, Inc.",Electrical Equipment & Parts,
FDBC,"Fidelity D & D Bancorp, Inc.",Banks - Regional,
TMC,TMC the metals company Inc.,Other Industrial Metals & Mining,
AMBI,Ambipar Emergency Response,Waste Management,
REFI,"Chicago Atlantic Real Estate Finance, Inc.",REIT - Mortgage,
NYXH,Nyxoah S.A.,Medical Instruments & Supplies,
ZH,Zhihu Inc.,Internet Content & Information,
HLLY,Holley Inc.,Auto Parts,
CUB,Lionheart Holdings,Shell Companies,
FLIC,The First of Long Island Corporation,Banks - Regional,
XYF,X Financial,Credit Services,
JFIN,Jiayin Group Inc.,Internet Content & Information,
SIMA,SIM Acquisition Corp. I,Shell Companies,
ACRS,"Aclaris Therapeutics, Inc.",Diagnostics & Research,
RITR,Reitar Logtech Holdings Limited,Engineering & Construction,
CZNC,Citizens & Northern Corporation,Banks - Regional,
CCIR,Cohen Circle Acquisition Corp. I,Shell Companies,
ONEW,OneWater Marine Inc.,Specialty Retail,
CERS,Cerus Corporation,Medical Devices,
REI,"Ring Energy, Inc.",Oil & Gas Exploration & Production,
AEYE,"AudioEye, Inc.",Software - Application,
GILT,Gilat Satellite Networks Ltd.,Communication Equipment,
QUBT,Quantum Computing Inc.,Computer Hardware,
BRBS,"Blue Ridge Bankshares, Inc.",Banks - Regional,
JAKK,"JAKKS Pacific, Inc.",Leisure,
KLTR,"Kaltura, Inc.",Software - Application,
DSGN,"Design Therapeutics, Inc.",Biotechnology,
JSPR,"Jasper Therapeutics, Inc.",Biotechnology,
FRST,Primis Financial Corp.,Banks - Regional,
BBCP,"Concrete Pumping Holdings, Inc.",Engineering & Construction,
BEAG,Bold Eagle Acquisition Corp.,Shell Companies,
KOD,Kodiak Sciences Inc.,Biotechnology,
SAGE,"Sage Therapeutics, Inc.",Biotechnology,
FLXS,"Flexsteel Industries, Inc.","Furnishings, Fixtures & Appliances",
ESEA,Euroseas Ltd.,Marine Shipping,
BCML,BayCom Corp,Banks - Regional,
RM,Regional Management Corp.,Credit Services,
ABSI,Absci Corporation,Biotechnology,
ALDF,Aldel Financial II Inc.,Shell Companies,
CLPT,"ClearPoint Neuro, Inc.",Medical Devices,
CBAN,"Colony Bankcorp, Inc.",Banks - Regional,
HEAR,Turtle Beach Corporation,Consumer Electronics,
VYGR,"Voyager Therapeutics, Inc.",Biotechnology,
AZUL,Azul S.A.,Airlines,
WTI,"W&T Offshore, Inc.",Oil & Gas Exploration & Production,
PMTS,CPI Card Group Inc.,Credit Services,
NATR,"Nature's Sunshine Products, Inc.",Packaged Foods,
ZJK,"ZJK Industrial Co., Ltd.",Metal Fabrication,
POLE,Andretti Acquisition Corp. II,Shell Companies,
LIEN,"Chicago Atlantic BDC, Inc.",Asset Management,
ITOS,"iTeos Therapeutics, Inc.",Biotechnology,
VCIC,Vine Hill Capital Investment Corp.,Shell Companies,
PBFS,"Pioneer Bancorp, Inc.",Banks - Regional,
ATNI,"ATN International, Inc.",Telecom Services,
PCB,PCB Bancorp,Banks - Regional,
IMMP,Immutep Limited,Biotechnology,
BKSY,BlackSky Technology Inc.,Scientific & Technical Instruments,
GHG,GreenTree Hospitality Group Ltd.,Lodging,
NEN,New England Realty Associates Limited Partnership,Real Estate Services,
GRAF,Graf Global Corp.,Shell Companies,
PKE,Park Aerospace Corp.,Aerospace & Defense,
HOND,HCM II Acquisition Corp.,Shell Companies,
OSUR,"OraSure Technologies, Inc.",Medical Instruments & Supplies,
PBPB,Potbelly Corporation,Restaurants,
POET,POET Technologies Inc.,Semiconductors,
ALDX,"Aldeyra Therapeutics, Inc.",Biotechnology,
VNDA,Vanda Pharmaceuticals Inc.,Biotechnology,
PDLB,"Ponce Financial Group, Inc.",Banks - Regional,
MTA,Metalla Royalty & Streaming Ltd.,Other Precious Metals & Mining,
SMRT,"SmartRent, Inc.",Software - Application,
CCCC,"C4 Therapeutics, Inc.",Biotechnology,
VPG,"Vishay Precision Group, Inc.",Scientific & Technical Instruments,
LPAA,Launch One Acquisition Corp.,Shell Companies,
LPBB,Launch Two Acquisition Corp.,Shell Companies,
MG,"Mistras Group, Inc.",Security & Protection Services,
WSBF,"Waterstone Financial, Inc.",Banks - Regional,
BYON,"Beyond, Inc.",Internet Retail,
ACCD,"Accolade, Inc.",Health Information Services,
NAUT,"Nautilus Biotechnology, Inc.",Biotechnology,
SLN,Silence Therapeutics plc,Biotechnology,
PANL,"Pangaea Logistics Solutions, Ltd.",Marine Shipping,
ATAI,Atai Life Sciences N.V.,Biotechnology,
PLBC,Plumas Bancorp,Banks - Regional,
TTSH,"Tile Shop Holdings, Inc.",Home Improvement Retail,
BLZE,"Backblaze, Inc.",Software - Infrastructure,
NPCE,"NeuroPace, Inc.",Medical Devices,
RGP,"Resources Connection, Inc.",Consulting Services,
ANGO,"AngioDynamics, Inc.",Medical Instruments & Supplies,
BARK,"BARK, Inc.",Specialty Retail,
FSTR,L.B. Foster Company,Railroads,
SNFCA,Security National Financial Corporation,Mortgage Finance,
RZLT,"Rezolute, Inc.",Biotechnology,
CRNT,Ceragon Networks Ltd.,Communication Equipment,
INSE,"Inspired Entertainment, Inc.",Gambling,
AFRI,Forafric Global PLC,Farm Products,
IMMR,Immersion Corporation,Software - Application,
ARTV,"Artiva Biotherapeutics, Inc.",Biotechnology,
PINE,"Alpine Income Property Trust, Inc.",REIT - Retail,
GHI,Greystone Housing Impact Investors LP,Mortgage Finance,
MVBF,MVB Financial Corp.,Banks - Regional,
NEWP,New Pacific Metals Corp.,Other Precious Metals & Mining,
QURE,uniQure N.V.,Biotechnology,
MRSN,"Mersana Therapeutics, Inc.",Biotechnology,
ETON,"Eton Pharmaceuticals, Inc.",Drug Manufacturers - Specialty & Generic,
DBI,Designer Brands Inc.,Footwear & Accessories,
LNKB,"LINKBANCORP, Inc.",Banks - Regional,
PKBK,"Parke Bancorp, Inc.",Banks - Regional,
BNED,"Barnes & Noble Education, Inc.",Specialty Retail,
RGTI,"Rigetti Computing, Inc.",Computer Hardware,
GENK,"GEN Restaurant Group, Inc.",Restaurants,
PSTX,"Poseida Therapeutics, Inc.",Biotechnology,
HBB,Hamilton Beach Brands Holding Company,"Furnishings, Fixtures & Appliances",
ONTF,"ON24, Inc.",Software - Application,
SGC,"Superior Group of Companies, Inc.",Apparel Manufacturing,
SNBR,Sleep Number Corporation,"Furnishings, Fixtures & Appliances",
LFCR,"Lifecore Biomedical, Inc.",Drug Manufacturers - Specialty & Generic,
HDSN,"Hudson Technologies, Inc.",Specialty Chemicals,
AMPY,Amplify Energy Corp.,Oil & Gas Exploration & Production,
AVIR,"Atea Pharmaceuticals, Inc.",Biotechnology,
EXFY,"Expensify, Inc.",Software - Application,
GSRT,GSR III Acquisition Corp.,Shell Companies,
ICG,Intchains Group Limited,Semiconductors,
DRUG,Bright Minds Biosciences Inc.,Biotechnology,
TBN,Tamboran Resources Corporation,Oil & Gas Exploration & Production,
BLDE,"Blade Air Mobility, Inc.",Airports & Air Services,
AUDC,AudioCodes Ltd.,Communication Equipment,
OZ,"Belpointe PREP, LLC",Real Estate - Development,
PAL,"Proficient Auto Logistics, Inc.",Integrated Freight & Logistics,
OCGN,"Ocugen, Inc.",Biotechnology,
DSX,Diana Shipping Inc.,Marine Shipping,
TVGN,Tevogen Bio Holdings Inc.,Biotechnology,
TSBK,"Timberland Bancorp, Inc.",Banks - Regional,
BACQ,Bleichroeder Acquisition Corp. I,Shell Companies,
CTV,Innovid Corp.,Advertising Agencies,
GOCO,"GoHealth, Inc.",Insurance Brokers,
ABEO,Abeona Therapeutics Inc.,Biotechnology,
VIRC,Virco Mfg. Corporation,"Furnishings, Fixtures & Appliances",
RENE,Cartesian Growth Corporation II,Shell Companies,
PYXS,"Pyxis Oncology, Inc.",Biotechnology,
NAK,Northern Dynasty Minerals Ltd.,Other Industrial Metals & Mining,
SAMG,Silvercrest Asset Management Group Inc.,Asset Management,
BTOC,Armlogi Holding Corp.,Integrated Freight & Logistics,
OB,Outbrain Inc.,Internet Content & Information,
LYEL,"Lyell Immunopharma, Inc.",Biotechnology,
FATE,"Fate Therapeutics, Inc.",Biotechnology,
BPRN,"Princeton Bancorp, Inc.",Banks - Regional,
PGHL,Primega Group Holdings Limited,Engineering & Construction,
NVX,NOVONIX Limited,Electrical Equipment & Parts,
ZYXI,"Zynex, Inc.",Medical Distribution,
ANIK,"Anika Therapeutics, Inc.",Drug Manufacturers - Specialty & Generic,
KFS,Kingsway Financial Services Inc.,Auto & Truck Dealerships,
SBT,"Sterling Bancorp, Inc. (Southfield, MI)",Banks - Regional,
ILPT,Industrial Logistics Properties Trust,REIT - Industrial,
HLXB,Helix Acquisition Corp. II,Shell Companies,
TATT,TAT Technologies Ltd.,Aerospace & Defense,
ESOA,Energy Services of America Corporation,Engineering & Construction,
MFH,Mercurity Fintech Holding Inc.,Capital Markets,
WHF,"WhiteHorse Finance, Inc.",Asset Management,
MBCN,Middlefield Banc Corp.,Banks - Regional,
OVLY,Oak Valley Bancorp,Banks - Regional,
CPS,Cooper-Standard Holdings Inc.,Auto Parts,
BWFG,"Bankwell Financial Group, Inc.",Banks - Regional,
FTK,"Flotek Industries, Inc.",Oil & Gas Equipment & Services,
CHMG,Chemung Financial Corporation,Banks - Regional,
NWFL,Norwood Financial Corp.,Banks - Regional,
OPBK,OP Bancorp,Banks - Regional,
LCNB,LCNB Corp.,Banks - Regional,
TCI,"Transcontinental Realty Investors, Inc.",Real Estate Services,
FVCB,"FVCBankcorp, Inc.",Banks - Regional,
ELMD,"Electromed, Inc.",Medical Devices,
ALTG,Alta Equipment Group Inc.,Rental & Leasing Services,
IVA,Inventiva S.A.,Biotechnology,
BHR,Braemar Hotels & Resorts Inc.,REIT - Hotel & Motel,
FRGT,"Freight Technologies, Inc.",Software - Application,
ELDN,"Eledon Pharmaceuticals, Inc.",Biotechnology,
CDZI,Cadiz Inc.,Utilities - Regulated Water,
TG,Tredegar Corporation,Metal Fabrication,
LFMD,"LifeMD, Inc.",Health Information Services,
ONIT,Onity Group Inc.,Mortgage Finance,
CNL,Collective Mining Ltd.,Gold,
EVBN,"Evans Bancorp, Inc.",Banks - Regional,
SFHG,Samfine Creation Holdings Group Limited,Specialty Business Services,
EVI,"EVI Industries, Inc.",Industrial Distribution,
BMEA,"Biomea Fusion, Inc.",Biotechnology,
ASUR,"Asure Software, Inc.",Software - Application,
FINW,FinWise Bancorp,Banks - Regional,
PGEN,"Precigen, Inc.",Biotechnology,
CFFI,C&F Financial Corporation,Banks - Regional,
AZI,Autozi Internet Technology (Global) Ltd.,Auto Parts,
PLL,Piedmont Lithium Inc.,Other Industrial Metals & Mining,
LUNG,Pulmonx Corporation,Medical Devices,
CTGO,"Contango Ore, Inc.",Gold,
PFMT,Performant Financial Corporation,Specialty Business Services,
TLS,Telos Corporation,Software - Infrastructure,
ARL,"American Realty Investors, Inc.",Real Estate Services,
BNTC,Benitec Biopharma Inc.,Biotechnology,
CIA,"Citizens, Inc.",Insurance - Life,
TBRG,"TruBridge, Inc.",Health Information Services,
PWOD,"Penns Woods Bancorp, Inc.",Banks - Regional,
VABK,Virginia National Bankshares Corporation,Banks - Regional,
RMBL,"RumbleOn, Inc.",Auto & Truck Dealerships,
ACB,Aurora Cannabis Inc.,Drug Manufacturers - Specialty & Generic,
ATYR,"aTyr Pharma, Inc.",Biotechnology,
HWBK,"Hawthorn Bancshares, Inc.",Banks - Regional,
FF,FutureFuel Corp.,Specialty Chemicals,
GTE,Gran Tierra Energy Inc.,Oil & Gas Exploration & Production,
NRGV,"Energy Vault Holdings, Inc.",Utilities - Renewable,
BLFY,Blue Foundry Bancorp,Banks - Regional,
OACC,Oaktree Acquisition Corp. III Life Sciences,Shell Companies,
CYBN,Cybin Inc.,Biotechnology,
ISTR,Investar Holding Corporation,Banks - Regional,
ZNTL,"Zentalis Pharmaceuticals, Inc.",Biotechnology,
WRN,Western Copper and Gold Corporation,Other Industrial Metals & Mining,
CLBR,Colombier Acquisition Corp. II,Shell Companies,
NEGG,"Newegg Commerce, Inc.",Internet Retail,
SRG,Seritage Growth Properties,Real Estate Services,
IAUX,i-80 Gold Corp.,Gold,
CPSS,"Consumer Portfolio Services, Inc.",Credit Services,
MODV,ModivCare Inc.,Medical Care Facilities,
INGN,"Inogen, Inc.",Medical Devices,
FUNC,First United Corporation,Banks - Regional,
GROY,Gold Royalty Corp.,Gold,
BTMD,biote Corp.,Medical Care Facilities,
SMID,Smith-Midland Corporation,Building Materials,
TCRX,"TScan Therapeutics, Inc.",Biotechnology,
TRVI,"Trevi Therapeutics, Inc.",Biotechnology,
BCBP,"BCB Bancorp, Inc.",Banks - Regional,
AOMR,"Angel Oak Mortgage REIT, Inc.",REIT - Mortgage,
GASS,StealthGas Inc.,Marine Shipping,
NGNE,Neurogene Inc.,Biotechnology,
NC,"NACCO Industries, Inc.",Thermal Coal,
GNFT,Genfit S.A.,Biotechnology,
OKUR,"OnKure Therapeutics, Inc.",Biotechnology,
MACI,Melar Acquisition Corp. I,Shell Companies,
STRO,"Sutro Biopharma, Inc.",Biotechnology,
NRDY,"Nerdy, Inc.",Software - Application,
UTMD,"Utah Medical Products, Inc.",Medical Instruments & Supplies,
PESI,"Perma-Fix Environmental Services, Inc.",Waste Management,
HITI,High Tide Inc.,Pharmaceutical Retailers,
KNOP,KNOT Offshore Partners LP,Marine Shipping,
CLYM,"Climb Bio, Inc.",Biotechnology,
CLPR,Clipper Realty Inc.,REIT - Residential,
TZOO,Travelzoo,Advertising Agencies,
ATGL,Alpha Technology Group Limited,Software - Infrastructure,
ONL,Orion Office REIT Inc.,REIT - Office,
HMST,"HomeStreet, Inc.",Banks - Regional,
CMCL,Caledonia Mining Corporation Plc,Gold,
SVCO,"Silvaco Group, Inc.",Software - Application,
SOPH,SOPHiA GENETICS SA,Health Information Services,
DOUG,Douglas Elliman Inc.,Real Estate Services,
FOA,Finance of America Companies Inc.,Credit Services,
SANG,Sangoma Technologies Corporation,Software - Infrastructure,
MFIN,Medallion Financial Corp.,Credit Services,
KVAC,Keen Vision Acquisition Corporation,Shell Companies,
AFCG,Advanced Flower Capital Inc.,REIT - Mortgage,
DC,Dakota Gold Corp.,Gold,
NTWO,Newbury Street II Acquisition Corporation,Shell Companies,
MGNX,"MacroGenics, Inc.",Biotechnology,
RGCO,"RGC Resources, Inc.",Utilities - Regulated Gas,
EVC,Entravision Communications Corporation,Advertising Agencies,
SERA,"Sera Prognostics, Inc.",Medical Devices,
IVCB,Investcorp Europe Acquisition Corp I,Shell Companies,
AENT,Alliance Entertainment Holding Corporation,Entertainment,
LNZA,"LanzaTech Global, Inc.",Waste Management,
IRBT,iRobot Corporation,"Furnishings, Fixtures & Appliances",
AMPX,"Amprius Technologies, Inc.",Electrical Equipment & Parts,
ODV,Osisko Development Corp.,Gold,
STRS,Stratus Properties Inc.,Real Estate - Diversified,
FFNW,"First Financial Northwest, Inc.",Banks - Regional,
SBXD,SilverBox Corp IV,Shell Companies,
TTEC,"TTEC Holdings, Inc.",Information Technology Services,
MOLN,Molecular Partners AG,Biotechnology,
VLN,Valens Semiconductor Ltd.,Semiconductors,
MYPS,"PLAYSTUDIOS, Inc.",Electronic Gaming & Multimedia,
YIBO,Planet Image International Limited,Computer Hardware,
INBX,"Inhibrx Biosciences, Inc.",Biotechnology,
AKA,a.k.a. Brands Holding Corp.,Apparel Retail,
HQI,"HireQuest, Inc.",Staffing & Employment Services,
VSTA,Vasta Platform Limited,Education & Training Services,
MVIS,"MicroVision, Inc.",Scientific & Technical Instruments,
ESCA,"Escalade, Incorporated",Leisure,
LXEO,"Lexeo Therapeutics, Inc.",Biotechnology,
PSNL,"Personalis, Inc.",Diagnostics & Research,
RELL,"Richardson Electronics, Ltd.",Electronic Components,
GHIX,"Gores Holdings IX, Inc.",Shell Companies,
TMQ,Trilogy Metals Inc.,Other Industrial Metals & Mining,
RAIL,"FreightCar America, Inc.",Railroads,
EDIT,"Editas Medicine, Inc.",Biotechnology,
MYFW,"First Western Financial, Inc.",Banks - Regional,
AMRN,Amarin Corporation plc,Drug Manufacturers - General,
SLDB,Solid Biosciences Inc.,Biotechnology,
ACRV,"Acrivon Therapeutics, Inc.",Biotechnology,
ZURA,Zura Bio Limited,Biotechnology,
TBI,"TrueBlue, Inc.",Staffing & Employment Services,
FSFG,"First Savings Financial Group, Inc.",Banks - Regional,
NKSH,"National Bankshares, Inc.",Banks - Regional,
LPA,Logistic Properties of the Americas,Real Estate - Development,
BETR,Better Home & Finance Holding Company,Mortgage Finance,
QSI,Quantum-Si incorporated,Medical Devices,
XBIT,XBiotech Inc.,Biotechnology,
ELLO,Ellomay Capital Ltd.,Utilities - Renewable,
AXR,AMREP Corporation,Real Estate - Development,
CMPX,"Compass Therapeutics, Inc.",Biotechnology,
MITT,"AG Mortgage Investment Trust, Inc.",REIT - Mortgage,
MAPS,"WM Technology, Inc.",Software - Application,
OBIO,"Orchestra BioMed Holdings, Inc.",Biotechnology,
PLCE,"The Children's Place, Inc.",Apparel Manufacturing,
EMX,EMX Royalty Corporation,Other Industrial Metals & Mining,
CRBP,"Corbus Pharmaceuticals Holdings, Inc.",Biotechnology,
ADCT,ADC Therapeutics SA,Biotechnology,
CIO,"City Office REIT, Inc.",REIT - Office,
AMTX,"Aemetis, Inc.",Oil & Gas Refining & Marketing,
ENTA,"Enanta Pharmaceuticals, Inc.",Biotechnology,
EP,Empire Petroleum Corporation,Oil & Gas Exploration & Production,
ALCO,"Alico, Inc.",Farm Products,
INFU,"InfuSystem Holdings, Inc.",Medical Instruments & Supplies,
SEVN,Seven Hills Realty Trust,REIT - Mortgage,
NKTR,Nektar Therapeutics,Biotechnology,
SPCE,"Virgin Galactic Holdings, Inc.",Aerospace & Defense,
PROF,Profound Medical Corp.,Medical Devices,
NNBR,"NN, Inc.",Conglomerates,
EPM,Evolution Petroleum Corporation,Oil & Gas Exploration & Production,
SKIN,The Beauty Health Company,Household & Personal Products,
IVCA,Investcorp AI Acquisition Corp.,Shell Companies,
FSP,Franklin Street Properties Corp.,REIT - Office,
ESSA,"ESSA Bancorp, Inc.",Banks - Regional,
BSII,Black Spade Acquisition II Co,Shell Companies,
CLLS,Cellectis S.A.,Biotechnology,
SGHT,"Sight Sciences, Inc.",Medical Devices,
WNEB,"Western New England Bancorp, Inc.",Banks - Regional,
MED,"Medifast, Inc.",Personal Services,
PERF,Perfect Corp.,Software - Application,
FCCO,First Community Corporation,Banks - Regional,
SWKH,SWK Holdings Corporation,Asset Management,
BHM,"Bluerock Homes Trust, Inc.",REIT - Residential,
MVST,"Microvast Holdings, Inc.",Electrical Equipment & Parts,
AEVA,"Aeva Technologies, Inc.",Software - Infrastructure,
PROP,Prairie Operating Co.,Oil & Gas Exploration & Production,
CRBU,"Caribou Biosciences, Inc.",Biotechnology,
HPAI,Helport AI Limited,Software - Infrastructure,
SLDP,"Solid Power, Inc.",Auto Parts,
CDLX,"Cardlytics, Inc.",Advertising Agencies,
EM,Smart Share Global Limited,Personal Services,
SENS,"Senseonics Holdings, Inc.",Medical Devices,
RTC,Baijiayun Group Ltd,Software - Application,
PVBC,"Provident Bancorp, Inc.",Banks - Regional,
ARAY,Accuray Incorporated,Medical Devices,
MRCC,Monroe Capital Corporation,Asset Management,
HOFT,Hooker Furnishings Corporation,"Furnishings, Fixtures & Appliances",
KYTX,"Kyverna Therapeutics, Inc.",Biotechnology,
LOGC,ContextLogic Inc.,Internet Retail,
TNYA,"Tenaya Therapeutics, Inc.",Biotechnology,
NEOV,NeoVolta Inc.,Electrical Equipment & Parts,
OXSQ,Oxford Square Capital Corp.,Asset Management,
SJT,San Juan Basin Royalty Trust,Oil & Gas Exploration & Production,
AVNW,"Aviat Networks, Inc.",Communication Equipment,
SHIP,Seanergy Maritime Holdings Corp.,Marine Shipping,
FET,"Forum Energy Technologies, Inc.",Oil & Gas Equipment & Services,
NBTX,Nanobiotix S.A.,Biotechnology,
BVFL,"BV Financial, Inc.",Banks - Regional,
AVD,American Vanguard Corporation,Agricultural Inputs,
LANV,Lanvin Group Holdings Limited,Luxury Goods,
CHGG,"Chegg, Inc.",Education & Training Services,
BW,"Babcock & Wilcox Enterprises, Inc.",Specialty Industrial Machinery,
TROO,"TROOPS, Inc.",Software - Application,
RMNI,"Rimini Street, Inc.",Software - Application,
HFFG,HF Foods Group Inc.,Food Distribution,
SMHI,SEACOR Marine Holdings Inc.,Marine Shipping,
RDCM,RADCOM Ltd.,Telecom Services,
SPPP,Sprott Physical Platinum and Palladium Trust,Asset Management,
MKTW,"MarketWise, Inc.",Financial Data & Stock Exchanges,
GPRO,"GoPro, Inc.",Consumer Electronics,
BWAY,BrainsWay Ltd.,Medical Devices,
GLDG,GoldMining Inc.,Gold,
TCX,Tucows Inc.,Software - Infrastructure,
HRTX,"Heron Therapeutics, Inc.",Biotechnology,
PAYS,"Paysign, Inc.",Software - Infrastructure,
SKGR,SK Growth Opportunities Corporation,Shell Companies,
CHSN,Chanson International Holding,Restaurants,
MDWD,MediWound Ltd.,Biotechnology,
FLYX,"flyExclusive, Inc.",Airlines,
INZY,"Inozyme Pharma, Inc.",Biotechnology,
HCVI,Hennessy Capital Investment Corp. VI,Shell Companies,
VSTM,"Verastem, Inc.",Biotechnology,
GPMT,Granite Point Mortgage Trust Inc.,REIT - Mortgage,
CFBK,CF Bankshares Inc.,Banks - Regional,
ACTU,"Actuate Therapeutics, Inc.",Biotechnology,
GNSS,Genasys Inc.,Scientific & Technical Instruments,
SPKL,Spark I Acquisition Corporation,Shell Companies,
PLG,Platinum Group Metals Ltd.,Other Precious Metals & Mining,
BRKH,BurTech Acquisition Corp.,Shell Companies,
FRGE,"Forge Global Holdings, Inc.",Capital Markets,
ADUR,Aduro Clean Technologies Inc.,Pollution & Treatment Controls,
DMAC,DiaMedica Therapeutics Inc.,Biotechnology,
NKTX,"Nkarta, Inc.",Biotechnology,
STXS,"Stereotaxis, Inc.",Medical Instruments & Supplies,
MDV,"Modiv Industrial, Inc.",REIT - Industrial,
ADAP,Adaptimmune Therapeutics plc,Biotechnology,
JRVR,"James River Group Holdings, Ltd.",Insurance - Specialty,
IDR,"Idaho Strategic Resources, Inc.",Gold,
QRTEB,"Qurate Retail, Inc.",Internet Retail,
SCPH,scPharmaceuticals Inc.,Biotechnology,
ELA,Envela Corporation,Luxury Goods,
FLL,"Full House Resorts, Inc.",Resorts & Casinos,
SRI,"Stoneridge, Inc.",Auto Parts,
EML,The Eastern Company,Tools & Accessories,
MPTI,"M-tron Industries, Inc.",Electronic Components,
ALCY,Alchemy Investments Acquisition Corp 1,Shell Companies,
WILC,G. Willi-Food International Ltd.,Food Distribution,
GALT,Galectin Therapeutics Inc.,Biotechnology,
STRT,Strattec Security Corporation,Auto Parts,
EARN,Ellington Credit Company,Asset Management,
TIL,"Instil Bio, Inc.",Biotechnology,
GLSI,"Greenwich LifeSciences, Inc.",Biotechnology,
KINS,"Kingstone Companies, Inc.",Insurance - Property & Casualty,
LFVN,LifeVantage Corporation,Packaged Foods,
JYNT,The Joint Corp.,Medical Care Facilities,
BDSX,"Biodesix, Inc.",Diagnostics & Research,
ZJYL,Jin Medical International Ltd.,Medical Instruments & Supplies,
MHLD,"Maiden Holdings, Ltd.",Insurance - Reinsurance,
ASM,Avino Silver & Gold Mines Ltd.,Other Precious Metals & Mining,
UBFO,United Security Bancshares,Banks - Regional,
CLAR,Clarus Corporation,Leisure,
EVE,EVe Mobility Acquisition Corp,Shell Companies,
RCMT,"RCM Technologies, Inc.",Conglomerates,
FULC,"Fulcrum Therapeutics, Inc.",Biotechnology,
ITRG,Integra Resources Corp.,Other Precious Metals & Mining,
TSVT,"2seventy bio, Inc.",Biotechnology,
MHH,"Mastech Digital, Inc.",Staffing & Employment Services,
DRTS,Alpha Tau Medical Ltd.,Biotechnology,
III,"Information Services Group, Inc.",Information Technology Services,
DLNG,Dynagas LNG Partners LP,Oil & Gas Midstream,
IBAC,IB Acquisition Corp.,Shell Companies,
LAKE,"Lakeland Industries, Inc.",Apparel Manufacturing,
BRLT,"Brilliant Earth Group, Inc.",Luxury Goods,
MMLP,Martin Midstream Partners L.P.,Oil & Gas Midstream,
AZ,A2Z Cust2Mate Solutions Corp.,Software - Application,
FCEL,"FuelCell Energy, Inc.",Electrical Equipment & Parts,
AILE,"iLearningEngines, Inc.",Software - Infrastructure,
GOSS,"Gossamer Bio, Inc.",Biotechnology,
OGI,Organigram Holdings Inc.,Drug Manufacturers - Specialty & Generic,
PTMN,Portman Ridge Finance Corporation,Asset Management,
CBNA,"Chain Bridge Bancorp, Inc.",Banks - Diversified,
MRBK,Meridian Corporation,Banks - Regional,
FLD,FTAC Emerald Acquisition Corp.,Shell Companies,
ATLO,Ames National Corporation,Banks - Regional,
PEBK,"Peoples Bancorp of North Carolina, Inc.",Banks - Regional,
HNVR,"Hanover Bancorp, Inc.",Banks - Regional,
ESHA,ESH Acquisition Corp.,Shell Companies,
NUTX,Nutex Health Inc.,Health Information Services,
GEOS,Geospace Technologies Corporation,Oil & Gas Equipment & Services,
AHG,Akso Health Group,Medical Distribution,
SSP,The E.W. Scripps Company,Broadcasting,
BFIN,BankFinancial Corporation,Banks - Regional,
ALLT,Allot Ltd.,Software - Infrastructure,
RCKY,"Rocky Brands, Inc.",Footwear & Accessories,
CKPT,"Checkpoint Therapeutics, Inc.",Biotechnology,
ACU,Acme United Corporation,Household & Personal Products,
TWIN,"Twin Disc, Incorporated",Specialty Industrial Machinery,
ATOS,"Atossa Therapeutics, Inc.",Biotechnology,
ATOM,Atomera Incorporated,Semiconductor Equipment & Materials,
RFAI,RF Acquisition Corp II,Shell Companies,
TSAT,Telesat Corporation,Communication Equipment,
FGBI,"First Guaranty Bancshares, Inc.",Banks - Regional,
NVRO,Nevro Corp.,Medical Devices,
TSQ,"Townsquare Media, Inc.",Advertising Agencies,
EUDA,EUDA Health Holdings Limited,Health Information Services,
BAER,"Bridger Aerospace Group Holdings, Inc.",Security & Protection Services,
BLNK,Blink Charging Co.,Engineering & Construction,
BROG,Brooge Energy Limited,Oil & Gas Midstream,
TUSK,"Mammoth Energy Services, Inc.",Conglomerates,
BZUN,Baozun Inc.,Internet Retail,
SCWO,374Water Inc.,Pollution & Treatment Controls,
CZWI,"Citizens Community Bancorp, Inc.",Banks - Regional,
INSG,Inseego Corp.,Communication Equipment,
AMLI,American Lithium Corp.,Other Industrial Metals & Mining,
CBFV,"CB Financial Services, Inc.",Banks - Regional,
TDTH,Trident Digital Tech Holdings Ltd,Information Technology Services,
ZVIA,Zevia PBC,Beverages - Non-Alcoholic,
BOOM,DMC Global Inc.,Conglomerates,
MYO,"Myomo, Inc.",Medical Devices,
WLAC,Willow Lane Acquisition Corp.,Shell Companies,
KRMD,"KORU Medical Systems, Inc.",Medical Instruments & Supplies,
TOYO,"TOYO Co., Ltd.",Solar,
FRAF,Franklin Financial Services Corporation,Banks - Regional,
ACHV,"Achieve Life Sciences, Inc.",Biotechnology,
SSTI,"SoundThinking, Inc.",Software - Application,
PDEX,"Pro-Dex, Inc.",Medical Instruments & Supplies,
STHO,Star Holdings,Real Estate Services,
BANX,ArrowMark Financial Corp.,Asset Management,
UEIC,Universal Electronics Inc.,Consumer Electronics,
VOXX,VOXX International Corporation,Consumer Electronics,
ARC,"ARC Document Solutions, Inc.",Specialty Business Services,
POWW,"AMMO, Inc.",Aerospace & Defense,
DSY,Big Tree Cloud Holdings Limited,Household & Personal Products,
ARBE,Arbe Robotics Ltd.,Software - Infrastructure,
QSG,QuantaSing Group Limited,Education & Training Services,
ORGN,"Origin Materials, Inc.",Chemicals,
PEPG,PepGen Inc.,Biotechnology,
FXNC,First National Corporation,Banks - Regional,
RILY,"B. Riley Financial, Inc.",Financial Conglomerates,
CTRN,"Citi Trends, Inc.",Apparel Retail,
QRTEA,"Qurate Retail, Inc.",Internet Retail,
NIU,Niu Technologies,Auto Manufacturers,
EHTH,"eHealth, Inc.",Insurance Brokers,
ABOS,"Acumen Pharmaceuticals, Inc.",Biotechnology,
ISRL,Israel Acquisitions Corp,Shell Companies,
DXLG,"Destination XL Group, Inc.",Apparel Retail,
DM,"Desktop Metal, Inc.",Computer Hardware,
FTLF,"FitLife Brands, Inc.",Packaged Foods,
NMG,Nouveau Monde Graphite Inc.,Other Industrial Metals & Mining,
SRTS,"Sensus Healthcare, Inc.",Medical Devices,
MCRB,"Seres Therapeutics, Inc.",Biotechnology,
CCRD,CoreCard Corporation,Software - Application,
ELUT,Elutia Inc.,Medical Devices,
EGAN,eGain Corporation,Software - Application,
BDTX,"Black Diamond Therapeutics, Inc.",Biotechnology,
THCH,TH International Limited,Restaurants,
UNB,"Union Bankshares, Inc.",Banks - Regional,
VRA,"Vera Bradley, Inc.",Footwear & Accessories,
WBX,Wallbox N.V.,Electronic Components,
GAUZ,Gauzy Ltd.,Aerospace & Defense,
APPS,"Digital Turbine, Inc.",Software - Application,
SBFG,"SB Financial Group, Inc.",Banks - Regional,
VOXR,Vox Royalty Corp.,Other Precious Metals & Mining,
GAIA,"Gaia, Inc.",Entertainment,
ORIS,Oriental Rise Holdings Limited,Packaged Foods,
CXDO,"Crexendo, Inc.",Telecom Services,
CMT,"Core Molding Technologies, Inc.",Specialty Chemicals,
VXRT,"Vaxart, Inc.",Biotechnology,
TAYD,"Taylor Devices, Inc.",Specialty Industrial Machinery,
SGMT,Sagimet Biosciences Inc.,Biotechnology,
ECBK,"ECB Bancorp, Inc.",Banks - Regional,
SLND,"Southland Holdings, Inc.",Engineering & Construction,
AFBI,"Affinity Bancshares, Inc.",Banks - Regional,
SFBC,"Sound Financial Bancorp, Inc.",Banks - Regional,
HURC,"Hurco Companies, Inc.",Specialty Industrial Machinery,
BFAC,Battery Future Acquisition Corp.,Shell Companies,
RMBI,"Richmond Mutual Bancorporation, Inc.",Banks - Regional,
AJX,Great Ajax Corp.,REIT - Mortgage,
CMCM,Cheetah Mobile Inc.,Internet Content & Information,
IKT,"Inhibikase Therapeutics, Inc.",Biotechnology,
QRHC,Quest Resource Holding Corporation,Waste Management,
DIBS,"1stdibs.Com, Inc.",Internet Retail,
BCOV,Brightcove Inc.,Software - Application,
PHX,PHX Minerals Inc.,Oil & Gas Exploration & Production,
MX,Magnachip Semiconductor Corporation,Semiconductors,
FNWD,Finward Bancorp,Banks - Regional,
VGAS,"Verde Clean Fuels, Inc.",Utilities - Renewable,
MPAA,"Motorcar Parts of America, Inc.",Auto Parts,
PBYI,"Puma Biotechnology, Inc.",Biotechnology,
CSTE,Caesarstone Ltd.,Building Products & Equipment,
TDUP,ThredUp Inc.,Internet Retail,
SEER,"Seer, Inc.",Biotechnology,
GATE,Marblegate Acquisition Corp.,Shell Companies,
KGEI,Kolibri Global Energy Inc.,Oil & Gas Exploration & Production,
LFT,"Lument Finance Trust, Inc.",REIT - Mortgage,
KOPN,Kopin Corporation,Electronic Components,
LCTX,"Lineage Cell Therapeutics, Inc.",Biotechnology,
MRAM,"Everspin Technologies, Inc.",Semiconductors,
CNTY,"Century Casinos, Inc.",Resorts & Casinos,
CEP,"Cantor Equity Partners, Inc.",Shell Companies,
NTIC,Northern Technologies International Corporation,Specialty Chemicals,
SKK,SKK Holdings Limited,Engineering & Construction,
CAAS,"China Automotive Systems, Inc.",Auto Parts,
MNSB,"MainStreet Bancshares, Inc.",Banks - Regional,
ATEK,Athena Technology Acquisition Corp. II,Shell Companies,
CRDL,Cardiol Therapeutics Inc.,Drug Manufacturers - Specialty & Generic,
LGO,Largo Inc.,Other Industrial Metals & Mining,
CRDF,"Cardiff Oncology, Inc.",Biotechnology,
EPSN,Epsilon Energy Ltd.,Oil & Gas Exploration & Production,
GGR,Gogoro Inc.,Auto Manufacturers,
SKYE,"Skye Bioscience, Inc.",Biotechnology,
ISSC,"Innovative Solutions and Support, Inc.",Aerospace & Defense,
CGEN,Compugen Ltd.,Biotechnology,
ADVM,"Adverum Biotechnologies, Inc.",Biotechnology,
EBMT,"Eagle Bancorp Montana, Inc.",Banks - Regional,
HURA,"TuHURA Biosciences, Inc.",,
TOUR,Tuniu Corporation,Travel Services,
CADL,"Candel Therapeutics, Inc.",Biotechnology,
WHG,"Westwood Holdings Group, Inc.",Asset Management,
BSET,"Bassett Furniture Industries, Incorporated","Furnishings, Fixtures & Appliances",
ZTEK,Zentek Ltd.,Medical Instruments & Supplies,
OTLK,"Outlook Therapeutics, Inc.",Biotechnology,
CSPI,CSP Inc.,Information Technology Services,
USGO,U.S. GoldMining Inc.,Other Industrial Metals & Mining,
YXT,YXT.COM Group Holding Limited,Software - Application,
IPHA,Innate Pharma S.A.,Biotechnology,
ZOM,Zomedica Corp.,Medical Devices,
REE,REE Automotive Ltd.,Auto Parts,
XNET,Xunlei Limited,Software - Infrastructure,
FEIM,"Frequency Electronics, Inc.",Communication Equipment,
TELO,"Telomir Pharmaceuticals, Inc.",Biotechnology,
VTYX,"Ventyx Biosciences, Inc.",Biotechnology,
LARK,"Landmark Bancorp, Inc.",Banks - Regional,
PLX,"Protalix BioTherapeutics, Inc.",Biotechnology,
TLSI,"TriSalus Life Sciences, Inc.",Medical Devices,
FENC,Fennec Pharmaceuticals Inc.,Biotechnology,
CAMP,Camp4 Therapeutics Corporation,Biotechnology,
CBUS,"Cibus, Inc.",Biotechnology,
ATLX,Atlas Lithium Corporation,Other Industrial Metals & Mining,
RPTX,Repare Therapeutics Inc.,Biotechnology,
CRNC,Cerence Inc.,Software - Application,
BTM,Bitcoin Depot Inc.,Capital Markets,
CATO,The Cato Corporation,Apparel Retail,
DLTH,Duluth Holdings Inc.,Apparel Retail,
OVBC,Ohio Valley Banc Corp.,Banks - Regional,
PLAO,Patria Latin American Opportunity Acquisition Corp.,Shell Companies,
BKTI,BK Technologies Corporation,Communication Equipment,
VIGL,"Vigil Neuroscience, Inc.",Biotechnology,
LCUT,"Lifetime Brands, Inc.","Furnishings, Fixtures & Appliances",
ULBI,Ultralife Corporation,Electrical Equipment & Parts,
PFIE,"Profire Energy, Inc.",Oil & Gas Equipment & Services,
ACR,ACRES Commercial Realty Corp.,REIT - Mortgage,
AMWL,American Well Corporation,Health Information Services,
CNTX,Context Therapeutics Inc.,Biotechnology,
QH,Quhuo Limited,Software - Application,
BZFD,"BuzzFeed, Inc.",Internet Content & Information,
KEQU,Kewaunee Scientific Corporation,"Furnishings, Fixtures & Appliances",
DLHC,DLH Holdings Corp.,Specialty Business Services,
CABA,"Cabaletta Bio, Inc.",Biotechnology,
DTI,Drilling Tools International Corporation,Oil & Gas Equipment & Services,
APXI,APx Acquisition Corp. I,Shell Companies,
ANRO,"Alto Neuroscience, Inc.",Biotechnology,
SKIL,Skillsoft Corp.,Education & Training Services,
AVTX,"Avalo Therapeutics, Inc.",Biotechnology,
EPRX,Eupraxia Pharmaceuticals Inc.,Biotechnology,
AOUT,"American Outdoor Brands, Inc.",Leisure,
VBFC,Village Bank and Trust Financial Corp.,Banks - Regional,
MNTX,"Manitex International, Inc.",Farm & Heavy Construction Machinery,
TRVG,trivago N.V.,Internet Content & Information,
RANI,"Rani Therapeutics Holdings, Inc.",Biotechnology,
PPIH,"Perma-Pipe International Holdings, Inc.",Building Products & Equipment,
CHEB,Chenghe Acquisition II Co.,Shell Companies,
IFRX,InflaRx N.V.,Biotechnology,
MAXN,"Maxeon Solar Technologies, Ltd.",Solar,
TSE,Trinseo PLC,Specialty Chemicals,
TELA,"TELA Bio, Inc.",Medical Devices,
MIST,Milestone Pharmaceuticals Inc.,Biotechnology,
CFFS,CF Acquisition Corp. VII,Shell Companies,
BRLS,Borealis Foods Inc.,Packaged Foods,
MRT,"Marti Technologies, Inc.",Software - Application,
SSSS,SuRo Capital Corp.,Asset Management,
DERM,Journey Medical Corporation,Drug Manufacturers - Specialty & Generic,
GIFI,"Gulf Island Fabrication, Inc.",Metal Fabrication,
PLMJ,Plum Acquisition Corp. III,Shell Companies,
USAS,Americas Gold and Silver Corporation,Other Industrial Metals & Mining,
PCSC,Perceptive Capital Solutions Corp,Shell Companies,
FCAP,"First Capital, Inc.",Banks - Regional,
CDTX,"Cidara Therapeutics, Inc.",Biotechnology,
SVII,Spring Valley Acquisition Corp. II,Shell Companies,
NKLA,Nikola Corporation,Farm & Heavy Construction Machinery,
TLGY,TLGY Acquisition Corporation,Shell Companies,
PBHC,"Pathfinder Bancorp, Inc.",Banks - Regional,
NOTE,"FiscalNote Holdings, Inc.",Information Technology Services,
SRL,Scully Royalty Ltd.,Capital Markets,
MAMO,Massimo Group,Recreational Vehicles,
TLYS,"Tilly's, Inc.",Apparel Retail,
NEON,Neonode Inc.,Electronic Components,
EVTL,Vertical Aerospace Ltd.,Aerospace & Defense,
WMPN,William Penn Bancorporation,Banks - Regional,
OPRT,Oportun Financial Corporation,Credit Services,
CSLM,CSLM Acquisition Corp.,Shell Companies,
SIEB,Siebert Financial Corp.,Capital Markets,
ALOT,"AstroNova, Inc.",Computer Hardware,
SES,SES AI Corporation,Auto Parts,
OFS,OFS Capital Corporation,Asset Management,
PPYA,Papaya Growth Opportunity Corp. I,Shell Companies,
CSLR,"Complete Solaria, Inc.",Solar,
THCP,Thunder Bridge Capital Partners IV Inc.,Shell Companies,
AKYA,"Akoya Biosciences, Inc.",Medical Instruments & Supplies,
LTRX,"Lantronix, Inc.",Communication Equipment,
IPSC,"Century Therapeutics, Inc.",Biotechnology,
SUNS,"Sunrise Realty Trust, Inc.",REIT - Mortgage,
INO,"Inovio Pharmaceuticals, Inc.",Biotechnology,
PROV,"Provident Financial Holdings, Inc.",Banks - Regional,
RBKB,"Rhinebeck Bancorp, Inc.",Banks - Regional,
ALTO,"Alto Ingredients, Inc.",Specialty Chemicals,
GECC,Great Elm Capital Corp.,Asset Management,
QIPT,Quipt Home Medical Corp.,Medical Devices,
CHRS,"Coherus BioSciences, Inc.",Biotechnology,
RVSB,"Riverview Bancorp, Inc.",Banks - Regional,
KVHI,"KVH Industries, Inc.",Communication Equipment,
GCTS,"GCT Semiconductor Holding, Inc.",Semiconductors,
OPOF,Old Point Financial Corporation,Banks - Regional,
OPAD,Offerpad Solutions Inc.,Real Estate Services,
ACNT,Ascent Industries Co.,Steel,
VERI,"Veritone, Inc.",Software - Infrastructure,
IMPP,Imperial Petroleum Inc.,Oil & Gas Midstream,
BSBK,Bogota Financial Corp.,Banks - Regional,
UFI,"Unifi, Inc.",Textile Manufacturing,
LPTX,"Leap Therapeutics, Inc.",Biotechnology,
PLBY,"PLBY Group, Inc.",Leisure,
SKYX,SKYX Platforms Corp.,Electrical Equipment & Parts,
TLSA,Tiziana Life Sciences Ltd,Biotechnology,
AIRG,"Airgain, Inc.",Communication Equipment,
GRWG,GrowGeneration Corp.,Specialty Retail,
CODA,"Coda Octopus Group, Inc.",Aerospace & Defense,
ZBAO,Zhibao Technology Inc.,Insurance Brokers,
ANIX,"Anixa Biosciences, Inc.",Biotechnology,
TBMC,Trailblazer Merger Corporation I,Shell Companies,
FNGR,"FingerMotion, Inc.",Telecom Services,
QUIK,QuickLogic Corporation,Semiconductors,
BOWN,Bowen Acquisition Corp,Shell Companies,
SHMD,SCHMID Group N.V.,Specialty Industrial Machinery,
KNDI,"Kandi Technologies Group, Inc.",Auto Parts,
SND,"Smart Sand, Inc.",Oil & Gas Equipment & Services,
INMB,"INmune Bio, Inc.",Biotechnology,
GUTS,"Fractyl Health, Inc.",Biotechnology,
SFWL,Shengfeng Development Limited,Integrated Freight & Logistics,
PFX,PhenixFIN Corporation,Asset Management,
KLXE,"KLX Energy Services Holdings, Inc.",Oil & Gas Equipment & Services,
NVCT,"Nuvectis Pharma, Inc.",Biotechnology,
VIOT,"Viomi Technology Co., Ltd","Furnishings, Fixtures & Appliances",
EDAP,EDAP TMS S.A.,Medical Distribution,
TRX,TRX Gold Corporation,Gold,
CPHC,Canterbury Park Holding Corporation,Gambling,
OCFT,"OneConnect Financial Technology Co., Ltd.",Software - Application,
ASMB,"Assembly Biosciences, Inc.",Biotechnology,
SPHL,Springview Holdings Ltd,Engineering & Construction,
KPTI,Karyopharm Therapeutics Inc.,Biotechnology,
ARQQ,Arqit Quantum Inc.,Software - Infrastructure,
SLNG,"Stabilis Solutions, Inc.",Oil & Gas Integrated,
DTC,"Solo Brands, Inc.",Internet Retail,
SRBK,"SR Bancorp, Inc.",Banks - Regional,
CHAR,Charlton Aria Acquisition Corporation,Shell Companies,
AE,"Adams Resources & Energy, Inc.",Oil & Gas Refining & Marketing,
SOL,Emeren Group Ltd,Solar,
PETS,"PetMed Express, Inc.",Pharmaceutical Retailers,
AFJK,"Aimei Health Technology Co., Ltd",Shell Companies,
TPIC,"TPI Composites, Inc.",Specialty Industrial Machinery,
FRD,"Friedman Industries, Incorporated",Steel,
GLAC,Global Lights Acquisition Corp,Shell Companies,
EVGR,Evergreen Corporation,Shell Companies,
BEEP,Mobile Infrastructure Corporation,Infrastructure Operations,
FONR,FONAR Corporation,Diagnostics & Research,
IMUX,"Immunic, Inc.",Biotechnology,
ANL,Adlai Nortye Ltd.,Biotechnology,
COYA,"Coya Therapeutics, Inc.",Biotechnology,
QETA,Quetta Acquisition Corporation,Shell Companies,
STKS,"The ONE Group Hospitality, Inc.",Restaurants,
ADAG,Adagene Inc.,Biotechnology,
NCTY,The9 Limited,Capital Markets,
FNWB,First Northwest Bancorp,Banks - Regional,
LTBR,Lightbridge Corporation,Electrical Equipment & Parts,
DYCQ,DT Cloud Acquisition Corporation,Shell Companies,
NOTV,"Inotiv, Inc.",Diagnostics & Research,
CITE,Cartica Acquisition Corp,Shell Companies,
ME,23andMe Holding Co.,Diagnostics & Research,
RGLS,Regulus Therapeutics Inc.,Biotechnology,
BKHA,Black Hawk Acquisition Corporation,Shell Companies,
SNCR,"Synchronoss Technologies, Inc.",Software - Infrastructure,
MNOV,"MediciNova, Inc.",Biotechnology,
MNPR,Monopar Therapeutics Inc.,Biotechnology,
CHCI,"Comstock Holding Companies, Inc.",Real Estate - Diversified,
MPLN,MultiPlan Corporation,Health Information Services,
ORMP,Oramed Pharmaceuticals Inc.,Biotechnology,
IROH,Iron Horse Acquisitions Corp.,Shell Companies,
SKLZ,Skillz Inc.,Electronic Gaming & Multimedia,
SATL,Satellogic Inc.,Aerospace & Defense,
HUHU,HUHUTECH International Group Inc.,Specialty Industrial Machinery,
IVVD,"Invivyd, Inc.",Biotechnology,
STG,Sunlands Technology Group,Education & Training Services,
SY,So-Young International Inc.,Health Information Services,
VERU,Veru Inc.,Biotechnology,
PRPL,"Purple Innovation, Inc.","Furnishings, Fixtures & Appliances",
GNTA,Genenta Science S.p.A.,Biotechnology,
FAT,FAT Brands Inc.,Restaurants,
TBNK,Territorial Bancorp Inc.,Banks - Regional,
ALAR,Alarum Technologies Ltd.,Software - Infrastructure,
PWUP,PowerUp Acquisition Corp.,Shell Companies,
FSHP,Flag Ship Acquisition Corporation,Shell Companies,
RSSS,"Research Solutions, Inc.",Software - Application,
GLE,Global Engine Group Holding Limited,IT Services,
RLMD,"Relmada Therapeutics, Inc.",Biotechnology,
LEE,"Lee Enterprises, Incorporated",Publishing,
CRGO,Freightos Limited,Integrated Freight & Logistics,
DTSQ,DT Cloud Star Acquisition Corporation,Shell Companies,
ALLK,Allakos Inc.,Biotechnology,
GBIO,Generation Bio Co.,Biotechnology,
WOK,WORK Medical Technology Group LTD,Medical Devices,
INVE,"Identiv, Inc.",Building Products & Equipment,
INVZ,Innoviz Technologies Ltd.,Auto Parts,
SIFY,Sify Technologies Limited,Telecom Services,
ASRT,"Assertio Holdings, Inc.",Drug Manufacturers - Specialty & Generic,
CURI,CuriosityStream Inc.,Broadcasting,
THM,International Tower Hill Mines Ltd.,Gold,
HBIO,"Harvard Bioscience, Inc.",Medical Instruments & Supplies,
EHGO,Eshallgo Inc.,Business Equipment & Supplies,
FATBB,FAT Brands Inc.,Restaurants,
SST,"System1, Inc.",Specialty Business Services,
SDIG,"Stronghold Digital Mining, Inc.",Capital Markets,
HSPO,Horizon Space Acquisition I Corp.,Shell Companies,
PFTA,Perception Capital Corp. III,Shell Companies,
BYNO,byNordic Acquisition Corporation,Shell Companies,
UPLD,"Upland Software, Inc.",Software - Application,
INTT,inTEST Corporation,Semiconductor Equipment & Materials,
VFF,"Village Farms International, Inc.",Farm Products,
HLVX,"HilleVax, Inc.",Biotechnology,
COE,51Talk Online Education Group,Education & Training Services,
MASS,908 Devices Inc.,Medical Devices,
LSF,"Laird Superfood, Inc.",Packaged Foods,
IH,iHuman Inc.,Education & Training Services,
LNSR,"LENSAR, Inc.",Medical Devices,
VEEA,Veea Inc.,Information Technology Services,
OAKU,Oak Woods Acquisition Corporation,Shell Companies,
ANVS,"Annovis Bio, Inc.",Biotechnology,
MKFG,Markforged Holding Corporation,Computer Hardware,
REKR,"Rekor Systems, Inc.",Software - Infrastructure,
MAYS,"J.W. Mays, Inc.",Real Estate Services,
USAU,U.S. Gold Corp.,Gold,
VMCA,Valuence Merger Corp. I,Shell Companies,
CRVO,CervoMed Inc.,Biotechnology,
IZTC,"Invizyne Technologies, Inc.",Specialty Chemicals,
CURR,CURRENC Group Inc.,Shell Companies,
SILC,Silicom Ltd.,Communication Equipment,
WEL,Integrated Wellness Acquisition Corp,Shell Companies,
AREC,American Resources Corporation,Coking Coal,
MGYR,"Magyar Bancorp, Inc.",Banks - Regional,
CMTL,Comtech Telecommunications Corp.,Communication Equipment,
CHMI,Cherry Hill Mortgage Investment Corporation,REIT - Mortgage,
VOC,VOC Energy Trust,Oil & Gas Exploration & Production,
GAN,GAN Limited,Gambling,
GNLX,Genelux Corporation,Biotechnology,
BLEU,bleuacacia ltd,Shell Companies,
BDMD,Baird Medical Investment Holdings Limited,Medical Devices,
AITR,AI Transportation Acquisition Corp,Shell Companies,
YTRA,"Yatra Online, Inc.",Travel Services,
BRAG,Bragg Gaming Group Inc.,Gambling,
LASE,Laser Photonics Corporation,Specialty Industrial Machinery,
PMVP,"PMV Pharmaceuticals, Inc.",Biotechnology,
SUUN,SolarBank Corporation,Utilities - Renewable,
SLS,"SELLAS Life Sciences Group, Inc.",Biotechnology,
ONCY,Oncolytics Biotech Inc.,Biotechnology,
MNTN,Everest Consolidator Acquisition Corporation,Shell Companies,
VTSI,"VirTra, Inc.",Software - Application,
RRGB,"Red Robin Gourmet Burgers, Inc.",Restaurants,
ASYS,"Amtech Systems, Inc.",Semiconductor Equipment & Materials,
LBGJ,Li Bang International Corporation Inc.,Consumer Discretionary,
TGAA,Target Global Acquisition I Corp.,Shell Companies,
ACET,"Adicet Bio, Inc.",Biotechnology,
CASI,"CASI Pharmaceuticals, Inc.",Biotechnology,
ESP,Espey Mfg. & Electronics Corp.,Electrical Equipment & Parts,
IKNA,"Ikena Oncology, Inc.",Biotechnology,
PRLH,Pearl Holdings Acquisition Corp,Shell Companies,
LGCL,Lucas GC Limited,Software - Application,
CMRX,"Chimerix, Inc.",Biotechnology,
QNCX,"Quince Therapeutics, Inc.",Biotechnology,
BRID,Bridgford Foods Corporation,Packaged Foods,
JVSA,JVSPAC Acquisition Corp.,Shell Companies,
YHNA,YHN Acquisition I Limited,Shell Companies,
RGC,Regencell Bioscience Holdings Limited,Drug Manufacturers - Specialty & Generic,
RENB,Renovaro Inc.,Biotechnology,
DIT,AMCON Distributing Company,Food Distribution,
LATG,Chenghe Acquisition I Co.,Shell Companies,
ATMV,AlphaVest Acquisition Corp,Shell Companies,
CVGI,"Commercial Vehicle Group, Inc.",Auto Parts,
SPWH,"Sportsman's Warehouse Holdings, Inc.",Specialty Retail,
LGCY,Legacy Education Inc.,Education & Training Services,
IMAB,I-Mab,Biotechnology,
AXTI,"AXT, Inc.",Semiconductor Equipment & Materials,
CAPN,Cayson Acquisition Corp,Shell Companies,
ELVA,Electrovaya Inc.,Electrical Equipment & Parts,
CLSD,"Clearside Biomedical, Inc.",Biotechnology,
FBLG,"FibroBiologics, Inc.",Biotechnology,
PED,PEDEVCO Corp.,Oil & Gas Exploration & Production,
HNNA,"Hennessy Advisors, Inc.",Asset Management,
DHX,"DHI Group, Inc.",Software - Application,
ATMC,AlphaTime Acquisition Corp,Shell Companies,
ELTK,Eltek Ltd.,Electronic Components,
EPIX,ESSA Pharma Inc.,Biotechnology,
VUZI,Vuzix Corporation,Consumer Electronics,
RMTI,"Rockwell Medical, Inc.",Drug Manufacturers - Specialty & Generic,
AVTE,"Aerovate Therapeutics, Inc.",Biotechnology,
MSSA,Metal Sky Star Acquisition Corporation,Shell Companies,
AUBN,"Auburn National Bancorporation, Inc.",Banks - Regional,
WPRT,Westport Fuel Systems Inc.,Auto Parts,
HPH,Highest Performances Holdings Inc.,Asset Management,
CBAT,"CBAK Energy Technology, Inc.",Electrical Equipment & Parts,
MDXH,MDxHealth SA,Diagnostics & Research,
SGA,"Saga Communications, Inc.",Broadcasting,
AMTD,AMTD IDEA Group,Asset Management,
PIII,P3 Health Partners Inc.,Medical Care Facilities,
SCLX,Scilex Holding Company,Drug Manufacturers - General,
LSBK,"Lake Shore Bancorp, Inc.",Banks - Regional,
IVCP,Swiftmerge Acquisition Corp.,Shell Companies,
BOCN,Blue Ocean Acquisition Corp.,Shell Companies,
EURK,Eureka Acquisition Corp,Shell Companies,
LODE,Comstock Inc.,Other Precious Metals & Mining,
OPRX,OptimizeRx Corporation,Health Information Services,
FVN,Future Vision II Acquisition Corp.,Shell Companies,
SACH,Sachem Capital Corp.,REIT - Mortgage,
WW,"WW International, Inc.",Personal Services,
WIMI,WiMi Hologram Cloud Inc.,Advertising Agencies,
WAI,Top KingWin Ltd,Capital Markets,
LPSN,"LivePerson, Inc.",Software - Application,
PDSB,PDS Biotechnology Corporation,Biotechnology,
ARMP,"Armata Pharmaceuticals, Inc.",Biotechnology,
UBCP,"United Bancorp, Inc.",Banks - Regional,
OVID,Ovid Therapeutics Inc.,Biotechnology,
VANI,"Vivani Medical, Inc.",Biotechnology,
LVO,"LiveOne, Inc.",Entertainment,
UAMY,United States Antimony Corporation,Other Industrial Metals & Mining,
MCHX,"Marchex, Inc.",Advertising Agencies,
HTCO,Caravelle International Group,Marine Shipping,
BTCS,BTCS Inc.,Capital Markets,
AUID,authID Inc.,Software - Infrastructure,
TETE,Technology & Telecommunication Acquisition Corporation,Shell Companies,
SHIM,Shimmick Corporation,Engineering & Construction,
LICN,Lichen China Limited,Specialty Business Services,
BCAB,"BioAtla, Inc.",Biotechnology,
DIST,Distoken Acquisition Corporation,Shell Companies,
TISI,"Team, Inc.",Specialty Business Services,
HOWL,"Werewolf Therapeutics, Inc.",Biotechnology,
PSQH,"PSQ Holdings, Inc.",Software - Application,
CTOR,"Citius Oncology, Inc.",Drug Manufacturers - Specialty & Generic,
AISP,"Airship AI Holdings, Inc.",Software - Infrastructure,
SOTK,Sono-Tek Corporation,Scientific & Technical Instruments,
VTGN,"Vistagen Therapeutics, Inc.",Biotechnology,
GLXG,Galaxy Payroll Group Limited,Professional Services,
FUSB,"First US Bancshares, Inc.",Banks - Regional,
ARBK,Argo Blockchain plc,Capital Markets,
CNF,CNFinance Holdings Limited,Mortgage Finance,
MOND,"Mondee Holdings, Inc.",Travel Services,
MYND,"Mynd.ai, Inc.",Education & Training Services,
AREN,"The Arena Group Holdings, Inc.",Internet Content & Information,
ALGS,"Aligos Therapeutics, Inc.",Biotechnology,
MODD,"Modular Medical, Inc.",Medical Devices,
GSIT,"GSI Technology, Inc.",Semiconductors,
FDSB,"Fifth District Bancorp, Inc.",Banks - Regional,
SUP,"Superior Industries International, Inc.",Auto Parts,
KULR,"KULR Technology Group, Inc.",Electronic Components,
IOR,"Income Opportunity Realty Investors, Inc.",Mortgage Finance,
HAIA,Healthcare AI Acquisition Corp.,Shell Companies,
NVAC,NorthView Acquisition Corporation,Shell Companies,
CTMX,"CytomX Therapeutics, Inc.",Biotechnology,
REFR,Research Frontiers Incorporated,Electronic Components,
IROQ,"IF Bancorp, Inc.",Banks - Regional,
AIFU,AIX Inc.,Insurance Brokers,
GLLI,Globalink Investment Inc.,Shell Companies,
ICCH,"ICC Holdings, Inc.",Insurance - Specialty,
CCEL,"Cryo-Cell International, Inc.",Medical Care Facilities,
SATX,Satixfy Communications Ltd.,Communication Equipment,
PPSI,"Pioneer Power Solutions, Inc.",Electrical Equipment & Parts,
VGZ,Vista Gold Corp.,Gold,
BYSI,BeyondSpring Inc.,Biotechnology,
PTHL,Pheton Holdings Ltd,Medical Instruments & Supplies,
INAQ,Insight Acquisition Corp.,Shell Companies,
SCNX,"Scienture Holdings, Inc.",Pharmaceutical Retailers,
ALVR,"AlloVir, Inc.",Biotechnology,
ZENV,Zenvia Inc.,Software - Application,
IVAC,"Intevac, Inc.",Specialty Industrial Machinery,
SQNS,Sequans Communications S.A.,Semiconductors,
RFAC,RF Acquisition Corp.,Shell Companies,
LRFC,Logan Ridge Finance Corporation,Asset Management,
NSPR,"InspireMD, Inc.",Medical Devices,
CCG,Cheche Group Inc.,Internet Content & Information,
YYGH,YY Group Holding Limited,Personal Services,
AIMAU,Aimfinity Investment Corp. I,Shell Companies,
BOTJ,"Bank of the James Financial Group, Inc.",Banks - Regional,
BEAT,"HeartBeam, Inc.",Health Information Services,
OPXS,"Optex Systems Holdings, Inc",Aerospace & Defense,
MTC,"MMTec, Inc.",Software - Application,
DGHI,Digihost Technology Inc.,Capital Markets,
ALXO,ALX Oncology Holdings Inc.,Biotechnology,
INCR,InterCure Ltd.,Drug Manufacturers - Specialty & Generic,
JUNE,Junee Limited,Engineering & Construction,
CUE,"Cue Biopharma, Inc.",Biotechnology,
VNRX,VolitionRx Limited,Diagnostics & Research,
WRAP,"Wrap Technologies, Inc.",Scientific & Technical Instruments,
CELU,Celularity Inc.,Biotechnology,
KOSS,Koss Corporation,Consumer Electronics,
MGRM,Monogram Technologies Inc.,Medical Devices,
FORA,Forian Inc.,Health Information Services,
FTII,FutureTech II Acquisition Corp.,Shell Companies,
WCT,Wellchange Holdings Company Limited,Software - Application,
NHTC,Natural Health Trends Corp.,Internet Retail,
WLGS,"WANG & LEE GROUP, Inc.",Engineering & Construction,
VCSA,"Vacasa, Inc.",Software - Application,
FFIE,Faraday Future Intelligent Electric Inc.,Auto Manufacturers,
BIRD,"Allbirds, Inc.",Apparel Retail,
ORKT,Orangekloud Technology Inc.,Software - Application,
MPU,Mega Matrix Inc.,Entertainment,
HYPR,"Hyperfine, Inc.",Medical Devices,
ECOR,"electroCore, Inc.",Medical Devices,
AGEN,Agenus Inc.,Biotechnology,
PAVS,Paranovus Entertainment Technology Ltd.,Packaged Foods,
OPI,Office Properties Income Trust,REIT - Office,
STCN,"Steel Connect, Inc.",Integrated Freight & Logistics,
LPTH,"LightPath Technologies, Inc.",Electronic Components,
SPRO,"Spero Therapeutics, Inc.",Biotechnology,
HSPT,Horizon Space Acquisition II Corp.,Shell Companies,
FOSL,"Fossil Group, Inc.",Footwear & Accessories,
CSBR,"Champions Oncology, Inc.",Biotechnology,
ATRA,"Atara Biotherapeutics, Inc.",Biotechnology,
CULP,"Culp, Inc.",Textile Manufacturing,
STI,Solidion Technology Inc.,Electrical Equipment & Parts,
MITA,Coliseum Acquisition Corp.,Shell Companies,
MGX,"Metagenomi, Inc.",Biotechnology,
LOAN,"Manhattan Bridge Capital, Inc.",REIT - Mortgage,
MDBH,"MDB Capital Holdings, LLC",Capital Markets,
TYGO,"Tigo Energy, Inc.",Solar,
KTCC,Key Tronic Corporation,Computer Hardware,
CRT,Cross Timbers Royalty Trust,Oil & Gas Exploration & Production,
HYMC,Hycroft Mining Holding Corporation,Gold,
WFCF,"Where Food Comes From, Inc.",Software - Application,
NCSM,"NCS Multistage Holdings, Inc.",Oil & Gas Equipment & Services,
CNVS,Cineverse Corp.,Entertainment,
BGSF,"BGSF, Inc.",Staffing & Employment Services,
GBBK,Global Blockchain Acquisition Corp.,Shell Companies,
SNT,Senstar Technologies Corporation,Security & Protection Services,
FURY,Fury Gold Mines Limited,Other Industrial Metals & Mining,
NVNO,enVVeno Medical Corporation,Medical Devices,
PRTS,"CarParts.com, Inc.",Auto Parts,
BYFC,Broadway Financial Corporation,Banks - Regional,
IMRX,Immuneering Corporation,Biotechnology,
XGN,Exagen Inc.,Diagnostics & Research,
BOLD,"Boundless Bio, Inc.",Biotechnology,
CPBI,"Central Plains Bancshares, Inc.",Banks - Regional,
MDIA,MediaCo Holding Inc.,Broadcasting,
XTNT,"Xtant Medical Holdings, Inc.",Medical Devices,
INLX,"Intellinetics, Inc.",Software - Application,
CLRB,"Cellectar Biosciences, Inc.",Biotechnology,
GWH,"ESS Tech, Inc.",Electrical Equipment & Parts,
NB,NioCorp Developments Ltd.,Other Industrial Metals & Mining,
PROC,Procaps Group S.A.,Drug Manufacturers - Specialty & Generic,
BLUE,"bluebird bio, Inc.",Biotechnology,
CLEU,China Liberal Education Holdings Limited,Education & Training Services,
APT,"Alpha Pro Tech, Ltd.",Building Products & Equipment,
TOP,TOP Financial Group Limited,Capital Markets,
RCON,"Recon Technology, Ltd.",Oil & Gas Equipment & Services,
HGBL,Heritage Global Inc.,Capital Markets,
SELF,"Global Self Storage, Inc.",REIT - Specialty,
HTLM,HomesToLife Ltd,"Furnishings, Fixtures & Appliances",
IOBT,"IO Biotech, Inc.",Biotechnology,
BAYA,Bayview Acquisition Corp,Shell Companies,
PDYN,Palladyne AI Corp.,Software - Infrastructure,
LOOP,"Loop Industries, Inc.",Specialty Chemicals,
BMTX,"BM Technologies, Inc.",Software - Application,
ROCL,Roth Ch Acquisition V Co.,Shell Companies,
BEDU,Bright Scholar Education Holdings Limited,Education & Training Services,
ENTX,Entera Bio Ltd.,Biotechnology,
MURA,Mural Oncology plc,Biotechnology,
ABAT,American Battery Technology Company,Other Industrial Metals & Mining,
BEEM,Beam Global,Solar,
HOUR,"Hour Loop, Inc.",Internet Retail,
ALRN,"Aileron Therapeutics, Inc.",Biotechnology,
BAFN,BayFirst Financial Corp.,Banks - Regional,
AADI,"Aadi Bioscience, Inc.",Biotechnology,
GROV,"Grove Collaborative Holdings, Inc.",Household & Personal Products,
PRE,Prenetics Global Limited,Diagnostics & Research,
SHOT,"Safety Shot, Inc.",Beverages - Non-Alcoholic,
STEM,"Stem, Inc.",Utilities - Renewable,
SNYR,Synergy CHC Corp.,Medical Distribution,
COHN,Cohen & Company Inc.,Capital Markets,
THTX,Theratechnologies Inc.,Biotechnology,
OWLT,"Owlet, Inc.",Health Information Services,
DBVT,DBV Technologies S.A.,Biotechnology,
LUNA,Luna Innovations Incorporated,Scientific & Technical Instruments,
ELTX,"Elicio Therapeutics, Inc.",Biotechnology,
XFOR,"X4 Pharmaceuticals, Inc.",Biotechnology,
NTRB,Nutriband Inc.,Biotechnology,
SELX,Semilux International Ltd.,Electronic Components,
BCOW,"1895 Bancorp of Wisconsin, Inc.",Banks - Regional,
NSTS,"NSTS Bancorp, Inc.",Banks - Regional,
BRAC,Broad Capital Acquisition Corp.,Shell Companies,
RDZN,"Roadzen, Inc.",Software - Application,
RBOT,Vicarious Surgical Inc.,Medical Devices,
KZR,"Kezar Life Sciences, Inc.",Biotechnology,
BUJA,Bukit Jalil Global Acquisition 1 Ltd,Shell Companies,
AERT,"Aeries Technology, Inc",Consulting Services,
LEV,The Lion Electric Company,Farm & Heavy Construction Machinery,
OMIC,"Singular Genomics Systems, Inc.",Medical Instruments & Supplies,
TMTC,TMT Acquisition Corp,Shell Companies,
SWVL,Swvl Holdings Corp.,Software - Application,
FLNT,"Fluent, Inc.",Advertising Agencies,
ROLR,"High Roller Technologies, Inc.",Gambling,
LUCD,Lucid Diagnostics Inc.,Medical Devices,
PRLD,Prelude Therapeutics Incorporated,Biotechnology,
SOS,SOS Limited,Capital Markets,
CLRC,ClimateRock,Shell Companies,
STTK,"Shattuck Labs, Inc.",Biotechnology,
RR,Richtech Robotics Inc.,Specialty Industrial Machinery,
GEG,"Great Elm Group, Inc.",Asset Management,
LVLU,"Lulu's Fashion Lounge Holdings, Inc.",Apparel Retail,
STFS,Star Fashion Culture Holdings Limited,Advertising Agencies,
RDAC,Rising Dragon Acquisition Corp.,Shell Companies,
YI,"111, Inc.",Medical Distribution,
EMCG,Embrace Change Acquisition Corp.,Shell Companies,
VOR,Vor Biopharma Inc.,Biotechnology,
ENZ,"Enzo Biochem, Inc.",Diagnostics & Research,
MAIA,"MAIA Biotechnology, Inc.",Biotechnology,
ONDS,Ondas Holdings Inc.,Communication Equipment,
PHUN,"Phunware, Inc.",Software - Application,
FTCI,"FTC Solar, Inc.",Solar,
DTIL,"Precision BioSciences, Inc.",Biotechnology,
PTLE,PTL Limited,Oil & Gas Refining & Marketing,
VATE,INNOVATE Corp.,Engineering & Construction,
ZEO,Zeo Energy Corp.,Solar,
PVL,Permianville Royalty Trust,Oil & Gas Exploration & Production,
CNTB,Connect Biopharma Holdings Limited,Biotechnology,
KRON,"Kronos Bio, Inc.",Biotechnology,
MNY,MoneyHero Limited,Internet Content & Information,
CLST,"Catalyst Bancorp, Inc.",Banks - Regional,
RECT,Rectitude Holdings Ltd,Specialty Retail,
BCG,"Binah Capital Group, Inc.",Asset Management,
GODN,Golden Star Acquisition Corporation,Shell Companies,
BEST,BEST Inc.,Trucking,
CPTN,"Cepton, Inc.",Scientific & Technical Instruments,
OPHC,"OptimumBank Holdings, Inc.",Banks - Regional,
UNCY,"Unicycive Therapeutics, Inc.",Biotechnology,
AIRT,"Air T, Inc.",Conglomerates,
AQU,Aquaron Acquisition Corp.,Shell Companies,
CTSO,Cytosorbents Corporation,Medical Devices,
OPTN,"OptiNose, Inc.",Drug Manufacturers - Specialty & Generic,
LICY,Li-Cycle Holdings Corp.,Waste Management,
LINK,"Interlink Electronics, Inc.",Electronic Components,
IMMX,"Immix Biopharma, Inc.",Biotechnology,
ASPC,A SPAC III Acquisition Corp.,Shell Companies,
SGRP,"SPAR Group, Inc.",Specialty Business Services,
KSCP,"Knightscope, Inc.",Security & Protection Services,
MLSS,Milestone Scientific Inc.,Medical Instruments & Supplies,
UCL,uCloudlink Group Inc.,Telecom Services,
VTVT,vTv Therapeutics Inc.,Biotechnology,
MARX,Mars Acquisition Corp.,Shell Companies,
ANGH,Anghami Inc.,Entertainment,
UONE,"Urban One, Inc.",Broadcasting,
FKWL,Franklin Wireless Corp.,Communication Equipment,
LSB,"LakeShore Biopharma Co., Ltd",Biotechnology,
AHT,"Ashford Hospitality Trust, Inc.",REIT - Hotel & Motel,
BTCT,BTC Digital Ltd.,Computer Hardware,
FSI,"Flexible Solutions International, Inc.",Specialty Chemicals,
NINE,"Nine Energy Service, Inc.",Oil & Gas Equipment & Services,
RPID,"Rapid Micro Biosystems, Inc.",Medical Devices,
BNR,Burning Rock Biotech Limited,Diagnostics & Research,
CVU,"CPI Aerostructures, Inc.",Aerospace & Defense,
BLAC,Bellevue Life Sciences Acquisition Corp.,Shell Companies,
FOXX,Foxx Development Holdings Inc.,Other,
ALSA,Alpha Star Acquisition Corporation,Shell Companies,
OSS,"One Stop Systems, Inc.",Computer Hardware,
PITA,Heramba Electric plc,,
BATL,Battalion Oil Corporation,Oil & Gas Exploration & Production,
USEG,U.S. Energy Corp.,Oil & Gas Exploration & Production,
MGLD,"The Marygold Companies, Inc.",Asset Management,
PRT,PermRock Royalty Trust,Oil & Gas Exploration & Production,
BGM,BGM Group Ltd,Drug Manufacturers - Specialty & Generic,
SMXT,"SolarMax Technology, Inc.",Solar,
APYX,Apyx Medical Corporation,Medical Devices,
AIRE,reAlpha Tech Corp.,Real Estate Services,
RFL,"Rafael Holdings, Inc.",Real Estate Services,
ASRV,"AmeriServ Financial, Inc.",Banks - Regional,
STBX,Starbox Group Holdings Ltd.,Internet Content & Information,
XPL,Solitario Resources Corp.,Other Industrial Metals & Mining,
IZEA,"IZEA Worldwide, Inc.",Internet Content & Information,
CLIR,ClearSign Technologies Corporation,Pollution & Treatment Controls,
NTZ,Natuzzi S.p.A.,"Furnishings, Fixtures & Appliances",
TARA,"Protara Therapeutics, Inc.",Biotechnology,
GOEV,Canoo Inc.,Auto Manufacturers,
CLGN,CollPlant Biotechnologies Ltd.,Biotechnology,
IDN,"Intellicheck, Inc.",Software - Application,
VSTE,Vast Renewables Limited,Solar,
TORO,Toro Corp.,Marine Shipping,
WAVE,Eco Wave Power Global AB (publ),Utilities - Renewable,
IPWR,Ideal Power Inc.,Electrical Equipment & Parts,
UONEK,"Urban One, Inc.",Broadcasting,
NA,Nano Labs Ltd,Semiconductors,
CRWS,"Crown Crafts, Inc.","Furnishings, Fixtures & Appliances",
SSBI,Summit State Bank,Banks - Regional,
VIVK,"Vivakor, Inc.",Oil & Gas Integrated,
CALC,"CalciMedica, Inc.",Biotechnology,
AGAE,Allied Gaming & Entertainment Inc.,Entertainment,
UG,"United-Guardian, Inc.",Household & Personal Products,
BNIX,Bannix Acquisition Corp.,Shell Companies,
SHLT,SHL Telemedicine Ltd.,Health Information Services,
KACL,Kairous Acquisition Corp. Limited,Shell Companies,
HHS,"Harte Hanks, Inc.",Conglomerates,
AFMD,Affimed N.V.,Biotechnology,
BDL,"Flanigan's Enterprises, Inc.",Restaurants,
GLST,"Global Star Acquisition, Inc.",Shell Companies,
PMAX,Powell Max Limited,Specialty Business Services,
IGTA,Inception Growth Acquisition Limited,Shell Companies,
FORL,Four Leaf Acquisition Corporation,Shell Companies,
SCYX,"SCYNEXIS, Inc.",Drug Manufacturers - Specialty & Generic,
OCX,OncoCyte Corporation,Diagnostics & Research,
DUET,DUET Acquisition Corp.,Shell Companies,
EBON,Ebang International Holdings Inc.,Computer Hardware,
ICMB,"Investcorp Credit Management BDC, Inc.",Asset Management,
GANX,"Gain Therapeutics, Inc.",Biotechnology,
YOTA,Yotta Acquisition Corporation,Shell Companies,
DUOT,"Duos Technologies Group, Inc.",Software - Application,
AGMH,AGM Group Holdings Inc.,Computer Hardware,
CCLD,"CareCloud, Inc.",Health Information Services,
BODI,"The Beachbody Company, Inc.",Internet Content & Information,
SYT,"SYLA Technologies Co., Ltd.",Software - Application,
ATNM,"Actinium Pharmaceuticals, Inc.",Biotechnology,
RGS,Regis Corporation,Personal Services,
TCBS,"Texas Community Bancshares, Inc.",Banks - Regional,
FBIO,"Fortress Biotech, Inc.",Biotechnology,
GRRR,Gorilla Technology Group Inc.,Software - Infrastructure,
DXR,Daxor Corporation,Medical Instruments & Supplies,
PNST,Pinstripes Holdings Inc.,Restaurants,
DWSN,Dawson Geophysical Company,Oil & Gas Equipment & Services,
PXS,Pyxis Tankers Inc.,Oil & Gas Midstream,
AIXI,Xiao-I Corporation,Software - Application,
ACHL,Achilles Therapeutics plc,Biotechnology,
SPRU,Spruce Power Holding Corporation,Solar,
PODC,"PodcastOne, Inc.",Internet Content & Information,
XLO,"Xilio Therapeutics, Inc.",Biotechnology,
OMGA,"Omega Therapeutics, Inc.",Biotechnology,
SER,"Serina Therapeutics, Inc.",Biotechnology,
COCH,"Envoy Medical, Inc.",Medical Devices,
CLDI,"Calidi Biotherapeutics, Inc.",Biotechnology,
CFSB,"CFSB Bancorp, Inc.",Banks - Regional,
OMCC,Old Market Capital Corporation,Credit Services,
JYD,Jayud Global Logistics Limited,Integrated Freight & Logistics,
RVPH,"Reviva Pharmaceuticals Holdings, Inc.",Biotechnology,
FARM,Farmer Bros. Co.,Packaged Foods,
AXDX,"Accelerate Diagnostics, Inc.",Medical Devices,
PXLW,"Pixelworks, Inc.",Semiconductors,
GIFT,"Giftify, Inc.",Internet Content & Information,
DSWL,"Deswell Industries, Inc.",Electronic Components,
BMR,Beamr Imaging Ltd.,Software - Application,
DMYY,"dMY Squared Technology Group, Inc.",Shell Companies,
RAND,Rand Capital Corporation,Asset Management,
ESGL,ESGL Holdings Limited,Waste Management,
RAVE,"Rave Restaurant Group, Inc.",Restaurants,
INTS,"Intensity Therapeutics, Inc.",Biotechnology,
FSEA,"First Seacoast Bancorp, Inc.",Banks - Regional,
RFIL,"RF Industries, Ltd.",Electrical Equipment & Parts,
NEUE,"NeueHealth, Inc.",Healthcare Plans,
VYNE,VYNE Therapeutics Inc.,Biotechnology,
EDRY,EuroDry Ltd.,Marine Shipping,
SPAI,Safe Pro Group Inc.,Aerospace & Defense,
FAAS,DigiAsia Corp.,Software - Infrastructure,
BRFH,"Barfresh Food Group, Inc.",Beverages - Non-Alcoholic,
LVTX,LAVA Therapeutics N.V.,Biotechnology,
RLYB,Rallybio Corporation,Biotechnology,
BLRX,BioLineRx Ltd.,Biotechnology,
NXL,"Nexalin Technology, Inc.",Medical Devices,
WYY,WidePoint Corporation,Information Technology Services,
JRSH,"Jerash Holdings (US), Inc.",Apparel Manufacturing,
ZEPP,Zepp Health Corporation,Consumer Electronics,
USIO,"Usio, Inc.",Software - Infrastructure,
FGF,Fundamental Global Inc.,Insurance - Diversified,
MSAI,"MultiSensor AI Holdings, Inc.",Software - Infrastructure,
ICAD,"iCAD, Inc.",Medical Devices,
WINV,WinVest Acquisition Corp.,Shell Companies,
MNDO,MIND C.T.I. Ltd,Software - Application,
CVM,CEL-SCI Corporation,Biotechnology,
ISPO,Inspirato Incorporated,Travel Services,
HKIT,Hitek Global Inc.,Software - Application,
OM,"Outset Medical, Inc.",Medical Devices,
ANEB,"Anebulo Pharmaceuticals, Inc.",Biotechnology,
NAAS,NaaS Technology Inc.,Specialty Retail,
VRCA,Verrica Pharmaceuticals Inc.,Biotechnology,
SOND,Sonder Holdings Inc.,Lodging,
FTHM,Fathom Holdings Inc.,Real Estate Services,
TACT,TransAct Technologies Incorporated,Computer Hardware,
APWC,Asia Pacific Wire & Cable Corporation Limited,Electrical Equipment & Parts,
CENN,Cenntro Inc.,Auto Manufacturers,
HSON,"Hudson Global, Inc.",Staffing & Employment Services,
WAVS,Western Acquisition Ventures Corp.,Shell Companies,
GDST,Goldenstone Acquisition Limited,Shell Companies,
BRNS,Barinthus Biotherapeutics plc,Biotechnology,
SWIN,Solowin Holdings,Capital Markets,
SJ,Scienjoy Holding Corporation,Broadcasting,
LEXX,Lexaria Bioscience Corp.,Biotechnology,
DYAI,"Dyadic International, Inc.",Biotechnology,
CLNN,Clene Inc.,Packaged Foods,
FGL,Founder Group Limited,Electrical Equipment & Parts,
WTMA,Welsbach Technology Metals Acquisition Corp.,Shell Companies,
AGFY,Agrify Corporation,Farm & Heavy Construction Machinery,
SOWG,Sow Good Inc.,Packaged Foods,
ZDGE,"Zedge, Inc.",Internet Content & Information,
MCAG,Mountain Crest Acquisition Corp. V,Shell Companies,
IXHL,Incannex Healthcare Inc.,Drug Manufacturers - Specialty & Generic,
XAIR,"Beyond Air, Inc.",Medical Devices,
LUMO,"Lumos Pharma, Inc.",Biotechnology,
HCWB,HCW Biologics Inc.,Biotechnology,
RAPT,"RAPT Therapeutics, Inc.",Biotechnology,
ISDR,Issuer Direct Corporation,Software - Application,
RDIB,"Reading International, Inc.",Entertainment,
TRSG,Tungray Technologies Inc.,Metal Fabrication,
NRT,North European Oil Royalty Trust,Oil & Gas Exploration & Production,
HFBL,"Home Federal Bancorp, Inc. of Louisiana",Banks - Regional,
NXTC,"NextCure, Inc.",Biotechnology,
ARKR,Ark Restaurants Corp.,Restaurants,
OSTX,OS Therapies Incorporated,Biotechnology,
MATH,Metalpha Technology Holding Limited,Capital Markets,
XBP,"XBP Europe Holdings, Inc.",Software - Infrastructure,
TOPS,Top Ships Inc.,Oil & Gas Midstream,
NVA,Nova Minerals Limited,Other Industrial Metals & Mining,
BGI,Birks Group Inc.,Luxury Goods,
DHAI,"DIH Holding US, Inc.",Medical Devices,
MOGO,Mogo Inc.,Software - Infrastructure,
ICLK,iClick Interactive Asia Group Limited,Advertising Agencies,
HUIZ,Huize Holding Limited,Insurance Brokers,
ADGM,"Adagio Medical Holdings, Inc.",Medical Devices,
MESA,"Mesa Air Group, Inc.",Airlines,
RENT,"Rent the Runway, Inc.",Apparel Retail,
SCOR,"comScore, Inc.",Internet Content & Information,
CARM,"Carisma Therapeutics, Inc.",Biotechnology,
ITRM,Iterum Therapeutics plc,Biotechnology,
FGEN,"FibroGen, Inc.",Biotechnology,
NISN,"Nisun International Enterprise Development Group Co., Ltd",Specialty Business Services,
FLUX,"Flux Power Holdings, Inc.",Electrical Equipment & Parts,
LITB,"LightInTheBox Holding Co., Ltd.",Internet Retail,
TNXP,Tonix Pharmaceuticals Holding Corp.,Biotechnology,
BGFV,Big 5 Sporting Goods Corporation,Specialty Retail,
KORE,"KORE Group Holdings, Inc.",Telecom Services,
BWEN,"Broadwind, Inc.",Specialty Industrial Machinery,
MTEN,Mingteng International Corporation Inc.,Metal Fabrication,
MYNA,Mynaric AG,Communication Equipment,
BTCM,BIT Mining Limited,Information Technology Services,
YYAI,Connexa Sports Technologies Inc.,Leisure,
CERO,"CERo Therapeutics Holdings, Inc.",Biotechnology,
SNAL,"Snail, Inc.",Electronic Gaming & Multimedia,
ABLV,Able View Global Inc.,Advertising Agencies,
TLF,"Tandy Leather Factory, Inc.",Specialty Retail,
OKYO,OKYO Pharma Limited,Biotechnology,
OPTX,"Syntec Optics Holdings, Inc.",Electronic Components,
CTXR,"Citius Pharmaceuticals, Inc.",Biotechnology,
ANTX,"AN2 Therapeutics, Inc.",Biotechnology,
POCI,"Precision Optics Corporation, Inc.",Medical Instruments & Supplies,
MIGI,Mawson Infrastructure Group Inc.,Capital Markets,
ELEV,"Elevation Oncology, Inc.",Biotechnology,
FTEK,"Fuel Tech, Inc.",Pollution & Treatment Controls,
AAME,Atlantic American Corporation,Insurance - Life,
ERNA,Eterna Therapeutics Inc.,Biotechnology,
CDTG,CDT Environmental Technology Investment Holdings Limited,Waste Management,
AP,Ampco-Pittsburgh Corporation,Metal Fabrication,
CODX,"Co-Diagnostics, Inc.",Medical Devices,
CTRM,Castor Maritime Inc.,Marine Shipping,
PBBK,"PB Bankshares, Inc.",Banks - Regional,
CREX,"Creative Realities, Inc.",Software - Application,
LGL,"The LGL Group, Inc.",Electronic Components,
INDO,Indonesia Energy Corporation Limited,Oil & Gas Exploration & Production,
FPAY,"FlexShopper, Inc.",Rental & Leasing Services,
TURN,180 Degree Capital Corp.,Asset Management,
GROW,"U.S. Global Investors, Inc.",Asset Management,
DECA,Denali Capital Acquisition Corp.,Shell Companies,
GRCE,"Grace Therapeutics, Inc.",Biotechnology,
WWR,"Westwater Resources, Inc.",Other Industrial Metals & Mining,
SYPR,"Sypris Solutions, Inc.",Auto Parts,
SRZN,"Surrozen, Inc.",Biotechnology,
MLEC,Moolec Science SA,Biotechnology,
CETY,"Clean Energy Technologies, Inc.",Specialty Industrial Machinery,
NDLS,Noodles & Company,Restaurants,
RAYA,Erayak Power Solution Group Inc.,Electrical Equipment & Parts,
CLPS,CLPS Incorporation,Information Technology Services,
BIVI,BioVie Inc.,Biotechnology,
HOOK,HOOKIPA Pharma Inc.,Biotechnology,
LTRN,Lantern Pharma Inc.,Biotechnology,
BSGM,"BioSig Technologies, Inc.",Medical Devices,
ZOOZ,ZOOZ Power Ltd.,Specialty Retail,
DALN,DallasNews Corporation,Publishing,
TZUP,Thumzup Media Corporation,Advertising Agencies,
AACG,ATA Creativity Global,Education & Training Services,
CRIS,"Curis, Inc.",Biotechnology,
INTG,The InterGroup Corporation,Lodging,
LIVE,Live Ventures Incorporated,Home Improvement Retail,
GTEC,Greenland Technologies Holding Corporation,Specialty Industrial Machinery,
ESLA,"Estrella Immunopharma, Inc.",Biotechnology,
ANY,Sphere 3D Corp.,Capital Markets,
SRFM,Surf Air Mobility Inc.,Airlines,
FENG,Phoenix New Media Limited,Internet Content & Information,
CMBM,Cambium Networks Corporation,Communication Equipment,
STEC,Santech Holdings Limited,Software - Application,
ECDA,"ECD Automotive Design, Inc.",Auto Manufacturers,
JG,Aurora Mobile Limited,Software - Infrastructure,
NTIP,"Network-1 Technologies, Inc.",Specialty Business Services,
BNAI,"Brand Engagement Network, Inc.",Software - Infrastructure,
PASG,"Passage Bio, Inc.",Biotechnology,
FEAM,"5E Advanced Materials, Inc.",Specialty Chemicals,
TPCS,TechPrecision Corporation,Metal Fabrication,
RAY,Raytech Holding Limited,Household & Personal Products,
TOON,Kartoon Studios Inc.,Entertainment,
MIND,"MIND Technology, Inc.",Scientific & Technical Instruments,
SURG,"SurgePays, Inc.",Software - Application,
ICCM,IceCure Medical Ltd,Medical Devices,
ELBM,Electra Battery Materials Corporation,Other Industrial Metals & Mining,
LRE,"Lead Real Estate Co., Ltd",Real Estate - Development,
INUV,"Inuvo, Inc.",Software - Application,
RNXT,"RenovoRx, Inc.",Biotechnology,
KALA,"KALA BIO, Inc.",Biotechnology,
XOS,"Xos, Inc.",Farm & Heavy Construction Machinery,
AWRE,"Aware, Inc.",Software - Application,
ALTS,ALT5 Sigma Corporation,Software - Application,
GLBS,Globus Maritime Limited,Marine Shipping,
TRT,Trio-Tech International,Semiconductor Equipment & Materials,
ONMD,OneMedNet Corporation,Health Information Services,
NTWK,"NetSol Technologies, Inc.",Software - Application,
GRYP,"Gryphon Digital Mining, Inc.",Capital Markets,
SABS,"SAB Biotherapeutics, Inc.",Biotechnology,
RDI,"Reading International, Inc.",Entertainment,
DRRX,DURECT Corporation,Drug Manufacturers - Specialty & Generic,
SLNH,"Soluna Holdings, Inc.",Capital Markets,
IRIX,IRIDEX Corporation,Medical Devices,
EVTV,"Envirotech Vehicles, Inc.",Auto Manufacturers,
MRKR,"Marker Therapeutics, Inc.",Biotechnology,
ICCC,ImmuCell Corporation,Biotechnology,
IRD,"Opus Genetics, Inc.",Biotechnology,
QOMO,Qomolangma Acquisition Corp.,Shell Companies,
NRXS,"NeurAxis, Inc.",Biotechnology,
SVT,"Servotronics, Inc.",Aerospace & Defense,
OESX,"Orion Energy Systems, Inc.","Furnishings, Fixtures & Appliances",
INKT,"MiNK Therapeutics, Inc.",Biotechnology,
HUDI,"Huadi International Group Co., Ltd.",Steel,
GTIM,Good Times Restaurants Inc.,Restaurants,
PMEC,Primech Holdings Ltd.,Specialty Business Services,
PLUR,Pluri Inc.,Biotechnology,
NSYS,Nortech Systems Incorporated,Medical Devices,
IBO,Impact BioMedical Inc.,Biotechnology,
GREE,Greenidge Generation Holdings Inc.,Capital Markets,
GAME,"GameSquare Holdings, Inc.",Electronic Gaming & Multimedia,
ALUR,Allurion Technologies Inc.,Medical Devices,
DTST,Data Storage Corporation,Information Technology Services,
BANL,CBL International Limited,Oil & Gas Midstream,
CGA,"China Green Agriculture, Inc.",Agricultural Inputs,
DARE,"Daré Bioscience, Inc.",Biotechnology,
CHR,"Cheer Holding, Inc.",Advertising Agencies,
SKYQ,Sky Quarry Inc.,Oil & Gas Integrated,
WNW,Meiwu Technology Company Limited,Internet Retail,
EMKR,Emcore Corporation,Electronic Components,
NAII,"Natural Alternatives International, Inc.",Packaged Foods,
LGVN,Longeveron Inc.,Biotechnology,
SAG,SAG Holdings Limited,Consumer Discretionary,
IGC,"IGC Pharma, Inc.",Biotechnology,
XTKG,"X3 Holdings Co., Ltd.",Software - Application,
JOB,GEE Group Inc.,Staffing & Employment Services,
KPLT,"Katapult Holdings, Inc.",Software - Infrastructure,
CKX,"CKX Lands, Inc.",Oil & Gas Exploration & Production,
IZM,ICZOOM Group Inc.,Electronics & Computer Distribution,
DFLI,Dragonfly Energy Holdings Corp.,Electrical Equipment & Parts,
SUGP,SU Group Holdings Limited,Security & Protection Services,
WKHS,Workhorse Group Inc.,Auto Manufacturers,
LPCN,Lipocine Inc.,Biotechnology,
NXGL,"NEXGEL, Inc.",Medical Instruments & Supplies,
GOVX,"GeoVax Labs, Inc.",Biotechnology,
AIFF,"Firefly Neuroscience, Inc.",Software - Application,
BHIL,"Benson Hill, Inc.",Agricultural Inputs,
HTCR,"HeartCore Enterprises, Inc.",Software - Application,
GDC,GD Culture Group Limited,Electronic Gaming & Multimedia,
PZG,Paramount Gold Nevada Corp.,Gold,
EQ,"Equillium, Inc.",Biotechnology,
OCEA,"Ocean Biomedical, Inc.",Biotechnology,
DRIO,DarioHealth Corp.,Health Information Services,
UTSI,UTStarcom Holdings Corp.,Communication Equipment,
AUST,Austin Gold Corp.,Gold,
KNW,"Know Labs, Inc.",Scientific & Technical Instruments,
IHT,InnSuites Hospitality Trust,REIT - Hotel & Motel,
HYFM,"Hydrofarm Holdings Group, Inc.",Farm & Heavy Construction Machinery,
MDAI,"Spectral AI, Inc.",Medical Devices,
ATHA,"Athira Pharma, Inc.",Biotechnology,
NWGL,Nature Wood Group Limited,Lumber & Wood Production,
GP,GreenPower Motor Company Inc.,Farm & Heavy Construction Machinery,
AXIL,"AXIL Brands, Inc.",Consumer Electronics,
BTAI,"BioXcel Therapeutics, Inc.",Biotechnology,
GDTC,CytoMed Therapeutics Limited,Biotechnology,
MXC,Mexco Energy Corporation,Oil & Gas Exploration & Production,
JZ,Jianzhi Education Technology Group Company Limited,Education & Training Services,
SAIH,SAIHEAT Limited,Information Technology Services,
NCNC,noco-noco Inc.,Auto Parts,
PYPD,PolyPid Ltd.,Biotechnology,
CGBS,Crown LNG Holdings Limited,Oil & Gas Integrated,
EPOW,"Sunrise New Energy Co., Ltd.",Electrical Equipment & Parts,
BPT,BP Prudhoe Bay Royalty Trust,Oil & Gas Midstream,
TPST,"Tempest Therapeutics, Inc.",Biotechnology,
MULN,"Mullen Automotive, Inc.",Auto Manufacturers,
ACXP,"Acurx Pharmaceuticals, Inc.",Biotechnology,
STIM,"Neuronetics, Inc.",Diagnostics & Research,
CMMB,Chemomab Therapeutics Ltd.,Biotechnology,
DAIO,Data I/O Corporation,Electronic Components,
AEON,"AEON Biopharma, Inc.",Biotechnology,
FEDU,Four Seasons Education (Cayman) Inc.,Education & Training Services,
HOLO,MicroCloud Hologram Inc.,Electronic Components,
CVKD,"Cadrenal Therapeutics, Inc.",Biotechnology,
NYC,American Strategic Investment Co.,Real Estate Services,
PLAG,Planet Green Holdings Corp.,Conglomerates,
IINN,Inspira Technologies Oxy B.H.N. Ltd.,Medical Devices,
PSHG,Performance Shipping Inc.,Marine Shipping,
DTCK,Davis Commodities Limited,Farm Products,
NVNI,Nvni Group Limited,Software - Application,
LSTA,"Lisata Therapeutics, Inc.",Biotechnology,
HUDA,Hudson Acquisition I Corp.,Shell Companies,
CNTM,"ConnectM Technology Solutions, Inc.",Software - Application,
UCAR,U Power Limited,Auto & Truck Dealerships,
INAB,"IN8bio, Inc.",Biotechnology,
IPW,iPower Inc.,Internet Retail,
SIF,"SIFCO Industries, Inc.",Aerospace & Defense,
ASPS,Altisource Portfolio Solutions S.A.,Real Estate Services,
PULM,"Pulmatrix, Inc.",Biotechnology,
VNCE,Vince Holding Corp.,Apparel Manufacturing,
ENLV,Enlivex Therapeutics Ltd.,Biotechnology,
OCG,Oriental Culture Holding LTD,Internet Retail,
MIRA,"MIRA Pharmaceuticals, Inc.",Drug Manufacturers - General,
KFFB,Kentucky First Federal Bancorp,Banks - Regional,
FEBO,Fenbo Holdings Limited,Consumer Electronics,
XTLB,XTL Biopharmaceuticals Ltd.,Biotechnology,
CAPT,Captivision Inc.,Building Materials,
IBIO,"iBio, Inc.",Biotechnology,
ABTS,Abits Group Inc.,Capital Markets,
NRSN,NeuroSense Therapeutics Ltd.,Biotechnology,
BOLT,"Bolt Biotherapeutics, Inc.",Biotechnology,
AIEV,"Thunder Power Holdings, Inc.",Auto Manufacturers,
NMTC,NeuroOne Medical Technologies Corporation,Medical Devices,
FBRX,"Forte Biosciences, Inc.",Biotechnology,
VSEE,"VSee Health, Inc.",Health Information Services,
FEMY,Femasys Inc.,Medical Instruments & Supplies,
CPSH,CPS Technologies Corporation,Electronic Components,
COOT,Australian Oilseeds Holdings Limited,Packaged Foods,
GLYC,"GlycoMimetics, Inc.",Biotechnology,
KIRK,"Kirkland's, Inc.",Home Improvement Retail,
PIRS,"Pieris Pharmaceuticals, Inc.",Biotechnology,
MOVE,Movano Inc.,Medical Devices,
RMCF,"Rocky Mountain Chocolate Factory, Inc.",Confectioners,
SWAG,"Stran & Company, Inc.",Advertising Agencies,
NRBO,"NeuroBo Pharmaceuticals, Inc.",Biotechnology,
BCTX,BriaCell Therapeutics Corp.,Biotechnology,
CXAI,CXApp Inc.,Software - Application,
CVV,CVD Equipment Corporation,Specialty Industrial Machinery,
BIAF,"bioAffinity Technologies, Inc.",Diagnostics & Research,
COCP,"Cocrystal Pharma, Inc.",Biotechnology,
SPRB,"Spruce Biosciences, Inc.",Biotechnology,
PMN,"ProMIS Neurosciences, Inc.",Biotechnology,
CYTH,"Cyclo Therapeutics, Inc.",Drug Manufacturers - Specialty & Generic,
CCTG,CCSC Technology International Holdings Limited,Electrical Equipment & Parts,
WETH,Wetouch Technology Inc.,Real Estate Services,
BNGO,"Bionano Genomics, Inc.",Medical Instruments & Supplies,
SOHO,Sotherly Hotels Inc.,REIT - Hotel & Motel,
ZKIN,"ZK International Group Co., Ltd.",Steel,
OCC,Optical Cable Corporation,Communication Equipment,
GYRO,"Gyrodyne, LLC",Real Estate Services,
CCM,Concord Medical Services Holdings Limited,Medical Care Facilities,
SDOT,Sadot Group Inc.,Farm Products,
XIN,"Xinyuan Real Estate Co., Ltd.",Real Estate - Development,
SPPL,Simpple Ltd.,Software - Application,
MMA,Alta Global Group Limited,Leisure,
JVA,"Coffee Holding Co., Inc.",Packaged Foods,
NXPL,NextPlat Corp,Software - Application,
BFRG,"Bullfrog AI Holdings, Inc.",Health Information Services,
UMAC,"Unusual Machines, Inc.",Shell Companies,
UBX,"Unity Biotechnology, Inc.",Biotechnology,
USEA,United Maritime Corporation,Marine Shipping,
CLIK,Click Holdings Limited,Staffing & Employment Services,
MOBX,"Mobix Labs, Inc.",Semiconductors,
FMST,Foremost Clean Energy Ltd.,Other Industrial Metals & Mining,
AMS,American Shared Hospital Services,Medical Care Facilities,
VHC,VirnetX Holding Corporation,Software - Infrastructure,
XCUR,"Exicure, Inc.",Biotechnology,
BOSC,B.O.S. Better Online Solutions Ltd.,Communication Equipment,
MEIP,"MEI Pharma, Inc.",Biotechnology,
MSS,Maison Solutions Inc.,Grocery Stores,
UGRO,"urban-gro, Inc.",Farm & Heavy Construction Machinery,
OXBR,Oxbridge Re Holdings Limited,Insurance - Reinsurance,
KAPA,"Kairos Pharma, Ltd.",Biotechnology,
WHLM,"Wilhelmina International, Inc.",Specialty Business Services,
NXTT,Next Technology Holding Inc.,Software - Application,
CPOP,"Pop Culture Group Co., Ltd",Entertainment,
ILAG,Intelligent Living Application Group Inc.,Building Products & Equipment,
MKDW,MKDWELL Tech Inc.,Shell Companies,
GNS,Genius Group Limited,Education & Training Services,
DNMR,"Danimer Scientific, Inc.",Specialty Chemicals,
CGTX,"Cognition Therapeutics, Inc.",Biotechnology,
PTN,"Palatin Technologies, Inc.",Biotechnology,
RETO,"ReTo Eco-Solutions, Inc.",Building Materials,
RVP,"Retractable Technologies, Inc.",Medical Instruments & Supplies,
AKTX,"Akari Therapeutics, Plc",Biotechnology,
MGIH,Millennium Group International Holdings Limited,Packaging & Containers,
YHGJ,Yunhong Green CTI Ltd.,Packaging & Containers,
ABVE,Above Food Ingredients Inc.,Packaged Foods,
LSH,Lakeside Holding Limited,Integrated Freight & Logistics,
PRPH,"ProPhase Labs, Inc.",Diagnostics & Research,
JDZG,JIADE Limited,Information Technology Services,
SHFS,"SHF Holdings, Inc.",Banks - Regional,
WKSP,Worksport Ltd.,Auto Parts,
BRN,"Barnwell Industries, Inc.",Oil & Gas Exploration & Production,
CVR,Chicago Rivet & Machine Co.,Tools & Accessories,
PALT,"Paltalk, Inc.",Software - Application,
WVVI,"Willamette Valley Vineyards, Inc.",Beverages - Wineries & Distilleries,
APLM,"Apollomics, Inc.",Biotechnology,
ATER,"Aterian, Inc.","Furnishings, Fixtures & Appliances",
GLBZ,Glen Burnie Bancorp,Banks - Regional,
LUCY,"Innovative Eyewear, Inc.",Medical Instruments & Supplies,
MRNS,"Marinus Pharmaceuticals, Inc.",Biotechnology,
NEPH,"Nephros, Inc.",Medical Instruments & Supplies,
CARA,"Cara Therapeutics, Inc.",Biotechnology,
FCUV,Focus Universal Inc.,Scientific & Technical Instruments,
TENX,"Tenax Therapeutics, Inc.",Biotechnology,
GIGM,GigaMedia Limited,Electronic Gaming & Multimedia,
XELB,"Xcel Brands, Inc.",Apparel Manufacturing,
LOBO,Lobo EV Technologies Ltd.,Auto Manufacturers,
APRE,"Aprea Therapeutics, Inc.",Biotechnology,
EQS,"Equus Total Return, Inc.",Asset Management,
KZIA,Kazia Therapeutics Limited,Biotechnology,
MDRR,"Medalist Diversified REIT, Inc.",REIT - Diversified,
SYBX,"Synlogic, Inc.",Biotechnology,
MOGU,MOGU Inc.,Internet Retail,
HUSA,Houston American Energy Corp.,Oil & Gas Exploration & Production,
EDUC,Educational Development Corporation,Publishing,
HWH,HWH International Inc.,Leisure,
EDTK,Skillful Craftsman Education Technology Limited,Education & Training Services,
TURB,"Turbo Energy, S.A.",Solar,
ADN,"Advent Technologies Holdings, Inc.",Utilities - Renewable,
FLGC,Flora Growth Corp.,Drug Manufacturers - Specialty & Generic,
CPIX,Cumberland Pharmaceuticals Inc.,Drug Manufacturers - Specialty & Generic,
LIQT,"LiqTech International, Inc.",Pollution & Treatment Controls,
LOCL,Local Bounti Corporation,Farm Products,
LFWD,Lifeward Ltd.,Medical Devices,
RMCO,Royalty Management Holding Corporation,Asset Management,
MTEX,"Mannatech, Incorporated",Food Distribution,
QMMM,QMMM Holdings Limited,Advertising Agencies,
SGMA,"SigmaTron International, Inc.",Electronic Components,
PT,Pintec Technology Holdings Limited,Credit Services,
TAIT,Taitron Components Incorporated,Electronics & Computer Distribution,
GELS,Gelteq Limited,Health Care,
HUBC,HUB Cyber Security Ltd.,Software - Infrastructure,
EKSO,"Ekso Bionics Holdings, Inc.",Medical Instruments & Supplies,
HLP,Hongli Group Inc.,Steel,
NNVC,"NanoViricides, Inc.",Biotechnology,
TXMD,"TherapeuticsMD, Inc.",Drug Manufacturers - Specialty & Generic,
SEED,Origin Agritech Limited,Agricultural Inputs,
AMIX,"Autonomix Medical, Inc.",Medical Devices,
CING,Cingulate Inc.,Biotechnology,
SONM,"Sonim Technologies, Inc.",Communication Equipment,
TOMZ,"TOMI Environmental Solutions, Inc.",Pollution & Treatment Controls,
JFU,9F Inc.,Information Technology Services,
TCS,"The Container Store Group, Inc.",Specialty Retail,
NERV,"Minerva Neurosciences, Inc.",Biotechnology,
OPTT,"Ocean Power Technologies, Inc.",Specialty Industrial Machinery,
CYN,Cyngn Inc.,Software - Application,
EZFL,EZFill Holdings Inc.,Software - Application,
MBOT,Microbot Medical Inc.,Medical Instruments & Supplies,
TKLF,"Tokyo Lifestyle Co., Ltd.",Specialty Retail,
QMCO,Quantum Corporation,Computer Hardware,
WISA,"WiSA Technologies, Inc.",Semiconductors,
CANF,Can-Fite BioPharma Ltd.,Biotechnology,
APCX,AppTech Payments Corp.,Software - Infrastructure,
MRM,MEDIROM Healthcare Technologies Inc.,Personal Services,
CNFR,"Conifer Holdings, Inc.",Insurance - Property & Casualty,
STRM,"Streamline Health Solutions, Inc.",Health Information Services,
GORV,"Lazydays Holdings, Inc.",Auto & Truck Dealerships,
AIRI,Air Industries Group,Aerospace & Defense,
SYNX,Silynxcom Ltd.,Communication Equipment,
JZXN,"Jiuzi Holdings, Inc.",Auto & Truck Dealerships,
JCTC,Jewett-Cameron Trading Company Ltd.,Lumber & Wood Production,
TRAW,"Traws Pharma, Inc.",Biotechnology,
MNTS,Momentus Inc.,Aerospace & Defense,
GORO,Gold Resource Corporation,Gold,
ELSE,"Electro-Sensors, Inc.",Scientific & Technical Instruments,
SVMH,SRIVARU Holding Limited,Auto Manufacturers,
MHUA,"Meihua International Medical Technologies Co., Ltd.",Medical Instruments & Supplies,
ARBB,ARB IOT Group Limited,Information Technology Services,
ROMA,Roma Green Finance Limited,Consulting Services,
NCRA,"Nocera, Inc.",Packaged Foods,
PMD,Psychemedics Corporation,Diagnostics & Research,
AKTS,"Akoustis Technologies, Inc.",Communication Equipment,
WKEY,WISeKey International Holding AG,Semiconductors,
BOF,BranchOut Food Inc.,Packaged Foods,
KUKE,Kuke Music Holding Limited,Entertainment,
VVOS,"Vivos Therapeutics, Inc.",Medical Devices,
PSIG,PS International Group Ltd.,Integrated Freight & Logistics,
PMCB,"PharmaCyte Biotech, Inc.",Biotechnology,
MTEK,Maris-Tech Ltd.,Electronic Components,
LRHC,La Rosa Holdings Corp.,Real Estate Services,
SMSI,"Smith Micro Software, Inc.",Software - Application,
EEIQ,EpicQuest Education Group International Limited,Education & Training Services,
FLYE,"Fly-E Group, Inc.",Auto Manufacturers,
ENSC,"Ensysce Biosciences, Inc.",Biotechnology,
CMLS,Cumulus Media Inc.,Broadcasting,
DTSS,Datasea Inc.,Software - Infrastructure,
NRXP,"NRx Pharmaceuticals, Inc.",Biotechnology,
LAES,SEALSQ Corp,Semiconductors,
PETZ,"TDH Holdings, Inc.",Restaurants,
NCI,Neo-Concept International Group Holdings Limited,Apparel Manufacturing,
SSKN,"STRATA Skin Sciences, Inc.",Medical Devices,
TRIB,Trinity Biotech plc,Medical Devices,
JBDI,JBDI Holdings Limited,Packaging & Containers,
CISO,CISO Global Inc.,Software - Infrastructure,
PMNT,Perfect Moment Ltd.,Apparel Manufacturing,
CJJD,"China Jo-Jo Drugstores, Inc.",Pharmaceutical Retailers,
COSM,Cosmos Health Inc.,Medical Distribution,
PEV,Phoenix Motor Inc.,Auto Manufacturers,
HYZN,Hyzon Motors Inc.,Auto Parts,
BBGI,"Beasley Broadcast Group, Inc.",Broadcasting,
SLGL,Sol-Gel Technologies Ltd.,Biotechnology,
AWX,Avalon Holdings Corporation,Waste Management,
QTI,"QT Imaging Holdings, Inc.",Medical Devices,
DLPN,"Dolphin Entertainment, Inc.",Advertising Agencies,
MI,NFT Limited,Internet Retail,
HOVR,New Horizon Aircraft Ltd.,Aerospace & Defense,
ASTC,Astrotech Corporation,Scientific & Technical Instruments,
SNSE,"Sensei Biotherapeutics, Inc.",Biotechnology,
CLRO,"ClearOne, Inc.",Communication Equipment,
AWH,Aspira Women's Health Inc.,Diagnostics & Research,
INTJ,Intelligent Group Limited,Consulting Services,
LYRA,"Lyra Therapeutics, Inc.",Biotechnology,
MMV,MultiMetaVerse Holdings Limited,Entertainment,
HRYU,"Hanryu Holdings, Inc.",Internet Content & Information,
ZONE,"CleanCore Solutions, Inc.",Pollution & Treatment Controls,
MCVT,"Mill City Ventures III, Ltd.",Credit Services,
MTR,Mesa Royalty Trust,Oil & Gas Exploration & Production,
AIM,AIM ImmunoTech Inc.,Biotechnology,
RYDE,Ryde Group Ltd,Software - Application,
BLIN,"Bridgeline Digital, Inc.",Software - Infrastructure,
GMM,Global Mofy AI Limited,Information Technology Services,
GSIW,Garden Stage Limited,Capital Markets,
TLPH,"Talphera, Inc.",Drug Manufacturers - Specialty & Generic,
SBEV,"Splash Beverage Group, Inc.",Beverages - Wineries & Distilleries,
CWD,CaliberCos Inc.,Asset Management,
IMRN,Immuron Limited,Biotechnology,
CLWT,Euro Tech Holdings Company Limited,Pollution & Treatment Controls,
PC,Premium Catering (Holdings) Limited,Restaurants,
OP,OceanPal Inc.,Marine Shipping,
IPA,ImmunoPrecise Antibodies Ltd.,Biotechnology,
WBUY,Webuy Global Ltd,Internet Retail,
LIFW,"MSP Recovery, Inc.",Health Information Services,
GFAI,"Guardforce AI Co., Limited",Security & Protection Services,
GVH,Globavend Holdings Limited,Integrated Freight & Logistics,
SCKT,"Socket Mobile, Inc.",Computer Hardware,
VRAR,"The Glimpse Group, Inc.",Software - Infrastructure,
INDP,"Indaptus Therapeutics, Inc.",Biotechnology,
TSBX,Turnstone Biologics Corp.,Biotechnology,
FRSX,Foresight Autonomous Holdings Ltd.,Auto Parts,
CJET,"Chijet Motor Company, Inc.",Auto Manufacturers,
VISL,"Vislink Technologies, Inc.",Communication Equipment,
SOAR,"Volato Group, Inc.",Airports & Air Services,
ATHE,Alterity Therapeutics Limited,Biotechnology,
PAVM,PAVmed Inc.,Medical Devices,
GRFX,Graphex Group Limited,Other Industrial Metals & Mining,
DUO,Fangdd Network Group Ltd.,Real Estate Services,
NIXX,"Nixxy, Inc.",Staffing & Employment Services,
AEI,Alset Inc.,Real Estate - Development,
NKGN,"NKGen Biotech, Inc.",Biotechnology,
INHD,Inno Holdings Inc.,Steel,
STRR,"Star Equity Holdings, Inc.",Diagnostics & Research,
AQMS,"Aqua Metals, Inc.",Waste Management,
DPRO,Draganfly Inc.,Aerospace & Defense,
TOI,"The Oncology Institute, Inc.",Medical Care Facilities,
LQR,LQR House Inc.,Beverages - Wineries & Distilleries,
AIHS,Senmiao Technology Limited,Credit Services,
BTOG,Bit Origin Ltd,Capital Markets,
TTOO,"T2 Biosystems, Inc.",Diagnostics & Research,
MEGL,Magic Empire Global Limited,Capital Markets,
IPDN,"Professional Diversity Network, Inc.",Staffing & Employment Services,
DOMH,Dominari Holdings Inc.,Biotechnology,
KPRX,"Kiora Pharmaceuticals, Inc.",Biotechnology,
VCNX,"Vaccinex, Inc.",Biotechnology,
SNTI,"Senti Biosciences, Inc.",Biotechnology,
YQ,17 Education & Technology Group Inc.,Education & Training Services,
FTFT,Future FinTech Group Inc.,Software - Application,
SPI,"SPI Energy Co., Ltd.",Solar,
PHGE,BiomX Inc.,Biotechnology,
BRTX,"BioRestorative Therapies, Inc.",Biotechnology,
BHAT,Blue Hat Interactive Entertainment Technology,Electronic Gaming & Multimedia,
YJ,Yunji Inc.,Internet Retail,
LDTC,LeddarTech Holdings Inc.,Software - Application,
IMNN,"Imunon, Inc.",Biotechnology,
BLBX,Blackboxstocks Inc.,Software - Application,
MSN,Emerson Radio Corp.,Consumer Electronics,
ONCO,"Onconetix, Inc.",Biotechnology,
BTBD,"BT Brands, Inc.",Restaurants,
ICU,SeaStar Medical Holding Corporation,Biotechnology,
CDT,Conduit Pharmaceuticals Inc.,Biotechnology,
VRM,"Vroom, Inc.",Auto & Truck Dealerships,
MFI,mF International Limited,Software - Application,
QNTM,Quantum BioPharma Ltd.,Drug Manufacturers - Specialty & Generic,
GIPR,"Generation Income Properties, Inc.",REIT - Diversified,
XHG,XChange TEC.INC,Real Estate Services,
VINE,"Fresh Vine Wine, Inc.",Beverages - Wineries & Distilleries,
RVSN,Rail Vision Ltd.,Railroads,
EVGN,Evogene Ltd.,Biotechnology,
CSCI,COSCIENS Biopharma Inc.,Biotechnology,
BSLK,"Bolt Projects Holdings, Inc.",Shell Companies,
RVYL,Ryvyl Inc.,Software - Infrastructure,
OMH,Ohmyhome Limited,Real Estate Services,
AMPG,"AmpliTech Group, Inc.",Communication Equipment,
AYTU,"Aytu BioPharma, Inc.",Drug Manufacturers - Specialty & Generic,
CTM,"Castellum, Inc.",Information Technology Services,
LEDS,SemiLEDs Corporation,Semiconductors,
VINC,"Vincerx Pharma, Inc.",Biotechnology,
UBXG,U-BX Technology Ltd.,Software - Infrastructure,
MNDR,Mobile-health Network Solutions,Health Information Services,
BYU,"BAIYU Holdings, Inc.",Shell Companies,
PRPO,"Precipio, Inc.",Diagnostics & Research,
RGF,"The Real Good Food Company, Inc.",Packaged Foods,
JAGX,"Jaguar Health, Inc.",Biotechnology,
PWM,Prestige Wealth Inc.,Asset Management,
GRNQ,Greenpro Capital Corp.,Consulting Services,
LCFY,Locafy Limited,Internet Content & Information,
CARV,"Carver Bancorp, Inc.",Banks - Regional,
SNGX,"Soligenix, Inc.",Biotechnology,
WTO,UTime Limited,Consumer Electronics,
CISS,C3is Inc.,Marine Shipping,
RDHL,RedHill Biopharma Ltd.,Drug Manufacturers - Specialty & Generic,
FOXO,FOXO Technologies Inc.,Health Information Services,
TCTM,TCTM Kids IT Education Inc.,Education & Training Services,
SRM,"SRM Entertainment, Inc.",Leisure,
NURO,"NeuroMetrix, Inc.",Medical Devices,
JL,J-Long Group Limited,Apparel Manufacturing,
HIHO,Highway Holdings Limited,Metal Fabrication,
PET,Wag! Group Co.,Software - Application,
EVAX,Evaxion Biotech A/S,Biotechnology,
LMFA,"LM Funding America, Inc.",Credit Services,
ARTW,"Art's-Way Manufacturing Co., Inc.",Farm & Heavy Construction Machinery,
MOB,Mobilicom Limited,Communication Equipment,
OMEX,"Odyssey Marine Exploration, Inc.",Other Industrial Metals & Mining,
LIDR,"AEye, Inc.",Software - Infrastructure,
MWG,Multi Ways Holdings Limited,Rental & Leasing Services,
NCL,Northann Corp.,"Furnishings, Fixtures & Appliances",
ELWS,"Earlyworks Co., Ltd",Software - Application,
SOGP,Sound Group Inc.,Internet Content & Information,
MBIO,"Mustang Bio, Inc.",Biotechnology,
IMCC,IM Cannabis Corp.,Drug Manufacturers - Specialty & Generic,
HAO,Haoxi Health Technology Limited,Advertising Agencies,
VRAX,Virax Biolabs Group Limited,Biotechnology,
GLTO,"Galecto, Inc.",Biotechnology,
TWG,Top Wealth Group Holding Limited,Food Distribution,
EONR,EON Resources Inc.,Oil & Gas Exploration & Production,
BREA,Brera Holdings PLC,Entertainment,
MARPS,Marine Petroleum Trust,Oil & Gas Midstream,
XWEL,"XWELL, Inc.",Diagnostics & Research,
ATIF,ATIF Holdings Limited,Capital Markets,
PNBK,"Patriot National Bancorp, Inc.",Banks - Regional,
KXIN,Kaixin Holdings,Auto & Truck Dealerships,
VERB,"Verb Technology Company, Inc.",Software - Application,
MBRX,"Moleculin Biotech, Inc.",Biotechnology,
OTRK,"Ontrak, Inc.",Health Information Services,
COEP,"Coeptis Therapeutics Holdings, Inc.",Biotechnology,
EYEN,"Eyenovia, Inc.",Biotechnology,
BLMZ,BloomZ Inc.,Entertainment,
WAFU,Wah Fu Education Group Limited,Education & Training Services,
BCDA,"BioCardia, Inc.",Biotechnology,
SANW,S&W Seed Company,Farm Products,
FGI,FGI Industries Ltd.,"Furnishings, Fixtures & Appliances",
VRME,"VerifyMe, Inc.",Security & Protection Services,
CDIO,"Cardio Diagnostics Holdings, Inc.",Biotechnology,
JXJT,JX Luxventure Limited,Apparel Manufacturing,
DSS,"DSS, Inc.",Packaging & Containers,
ZAPP,Zapp Electric Vehicles Group Limited,Auto Manufacturers,
PSTV,"Plus Therapeutics, Inc.",Biotechnology,
EDSA,"Edesa Biotech, Inc.",Biotechnology,
ANTE,AirNet Technology Inc.,Advertising Agencies,
EVOK,"Evoke Pharma, Inc.",Drug Manufacturers - Specialty & Generic,
ATIP,"ATI Physical Therapy, Inc.",Medical Care Facilities,
SPCB,SuperCom Ltd.,Security & Protection Services,
POLA,"Polar Power, Inc.",Electrical Equipment & Parts,
ASNS,"Actelis Networks, Inc.",Communication Equipment,
KLTO,"Klotho Neurosciences, Inc.",Biotechnology,
EFOI,"Energy Focus, Inc.","Furnishings, Fixtures & Appliances",
DMN,Damon Inc,,
ONFO,"Onfolio Holdings, Inc.",Internet Content & Information,
SYRS,"Syros Pharmaceuticals, Inc.",Biotechnology,
SLE,"Super League Enterprise, Inc.",Internet Content & Information,
BCLI,Brainstorm Cell Therapeutics Inc.,Biotechnology,
ABVC,"ABVC BioPharma, Inc.",Biotechnology,
GURE,"Gulf Resources, Inc.",Chemicals,
ENG,ENGlobal Corporation,Engineering & Construction,
KRKR,36Kr Holdings Inc.,Internet Content & Information,
EJH,E-Home Household Service Holdings Limited,Personal Services,
JWEL,Jowell Global Ltd.,Internet Retail,
GTBP,"GT Biopharma, Inc.",Biotechnology,
IBG,Innovation Beverage Group Limited,Beverages,
ADXN,Addex Therapeutics Ltd,Biotechnology,
SQFT,"Presidio Property Trust, Inc.",REIT - Diversified,
SYRA,Syra Health Corp.,Medical Care Facilities,
ZCMD,Zhongchao Inc.,Health Information Services,
APTO,Aptose Biosciences Inc.,Biotechnology,
PRZO,ParaZero Technologies Ltd.,Aerospace & Defense,
ADIL,"Adial Pharmaceuticals, Inc.",Biotechnology,
NLSP,NLS Pharmaceutics AG,Biotechnology,
HCTI,"Healthcare Triangle, Inc.",Health Information Services,
LDWY,"Lendway, Inc.",Advertising Agencies,
MITQ,"Moving iMage Technologies, Inc.",Communication Equipment,
ULY,Urgent.ly Inc.,Software - Application,
CHNR,"China Natural Resources, Inc.",Pollution & Treatment Controls,
DATS,"DatChat, Inc.",Software - Application,
GDHG,Golden Heaven Group Holdings Ltd.,Leisure,
GWAV,"Greenwave Technology Solutions, Inc.",Waste Management,
MGOL,"MGO Global, Inc.",Advertising Agencies,
IVP,"Inspire Veterinary Partners, Inc.",Personal Services,
CUTR,"Cutera, Inc.",Medical Devices,
MRIN,Marin Software Incorporated,Software - Application,
CREG,Smart Powerr Corp.,Utilities - Renewable,
WHLR,"Wheeler Real Estate Investment Trust, Inc.",REIT - Retail,
XBIO,"Xenetic Biosciences, Inc.",Biotechnology,
NIVF,NewGenIvf Group Limited,Medical - Healthcare Plans,
ALZN,"Alzamend Neuro, Inc.",Biotechnology,
GBR,"New Concept Energy, Inc.",Real Estate Services,
SGLY,Singularity Future Technology Ltd.,Integrated Freight & Logistics,
CNSP,"CNS Pharmaceuticals, Inc.",Biotechnology,
AMST,Amesite Inc.,Software - Application,
GPUS,"Hyperscale Data, Inc.",Aerospace & Defense,
AIMD,"Ainos, Inc.",Medical Devices,
HOFV,Hall of Fame Resort & Entertainment Company,Entertainment,
INBS,Intelligent Bio Solutions Inc.,Medical Devices,
BIOR,"Biora Therapeutics, Inc.",Biotechnology,
CRKN,Crown Electrokinetics Corp.,Specialty Chemicals,
VIRX,"Viracta Therapeutics, Inc.",Biotechnology,
JCSE,JE Cleantech Holdings Limited,Specialty Industrial Machinery,
SSY,"SunLink Health Systems, Inc.",Pharmaceutical Retailers,
BON,Bon Natural Life Limited,Specialty Chemicals,
KAVL,"Kaival Brands Innovations Group, Inc.",Tobacco,
TRUG,"TruGolf Holdings, Inc.",Electronic Gaming & Multimedia,
CMCT,Creative Media & Community Trust Corporation,REIT - Office,
HOTH,"Hoth Therapeutics, Inc.",Biotechnology,
RNAZ,"TransCode Therapeutics, Inc.",Biotechnology,
GSUN,Golden Sun Health Technology Group Limited,Education & Training Services,
SMTK,"SmartKem, Inc.",Semiconductor Equipment & Materials,
JNVR,Janover Inc.,Software - Infrastructure,
GV,Visionary Holdings Inc.,Education & Training Services,
HTOO,Fusion Fuel Green PLC,Utilities - Renewable,
CYCN,"Cyclerion Therapeutics, Inc.",Biotechnology,
MGRX,"Mangoceuticals, Inc.",Health Information Services,
BMRA,"Biomerica, Inc.",Medical Devices,
ATPC,Agape ATP Corporation,Packaged Foods,
ZCAR,"Zoomcar Holdings, Inc.",Rental & Leasing Services,
DRCT,"Direct Digital Holdings, Inc.",Advertising Agencies,
MYNZ,Mainz Biomed N.V.,Diagnostics & Research,
AEMD,"Aethlon Medical, Inc.",Medical Devices,
CMND,Clearmind Medicine Inc.,Biotechnology,
YGMZ,MingZhu Logistics Holdings Limited,Trucking,
BCAN,Femto Technologies Inc.,Software - Application,
SNTG,Sentage Holdings Inc.,Credit Services,
CEAD,CEA Industries Inc.,Farm & Heavy Construction Machinery,
VCIG,VCI Global Limited,Consulting Services,
SIDU,"Sidus Space, Inc.",Aerospace & Defense,
ONVO,"Organovo Holdings, Inc.",Biotechnology,
KDLY,"Kindly MD, Inc.",Medical Care Facilities,
BGLC,BioNexus Gene Lab Corp.,Specialty Chemicals,
APDN,"Applied DNA Sciences, Inc.",Diagnostics & Research,
BNRG,Brenmiller Energy Ltd,Utilities - Renewable,
STSS,"Sharps Technology, Inc.",Medical Instruments & Supplies,
UUU,"Universal Security Instruments, Inc.",Security & Protection Services,
CTCX,Carmell Corporation,Household & Personal Products,
AYRO,"Ayro, Inc.",Auto Manufacturers,
CREV,Carbon Revolution Public Limited Company,Auto Parts,
BNOX,Bionomics Limited,Biotechnology,
LITM,Snow Lake Resources Ltd.,Other Industrial Metals & Mining,
CETX,"Cemtrex, Inc.",Software - Infrastructure,
LGCB,Linkage Global Inc,Internet Retail,
KITT,"Nauticus Robotics, Inc.",Aerospace & Defense,
JTAI,Jet.AI Inc.,Software - Application,
APVO,Aptevo Therapeutics Inc.,Biotechnology,
AGRI,AgriFORCE Growing Systems Ltd.,Farm Products,
LEGT,Legato Merger Corp. III,Shell Companies,
CHEK,Check-Cap Ltd.,Diagnostics & Research,
IVDA,"Iveda Solutions, Inc.",Security & Protection Services,
CTNT,Cheetah Net Supply Chain Service Inc.,Auto & Truck Dealerships,
PPBT,Purple Biotech Ltd,Biotechnology,
SBFM,"Sunshine Biopharma, Inc.",Drug Manufacturers - Specialty & Generic,
CELZ,"Creative Medical Technology Holdings, Inc.",Biotechnology,
YOSH,Yoshiharu Global Co.,Restaurants,
XRTX,XORTX Therapeutics Inc.,Biotechnology,
SILO,"Silo Pharma, Inc.",Biotechnology,
PRTG,Portage Biotech Inc.,Biotechnology,
SUNE,SUNation Energy Inc.,Other,
GLMD,Galmed Pharmaceuticals Ltd.,Biotechnology,
IMG,CIMG Inc.,Packaged Foods,
FORD,"Forward Industries, Inc.",Footwear & Accessories,
PIK,Kidpik Corp.,Internet Retail,
INTZ,Intrusion Inc.,Software - Infrastructure,
LFLY,"Leafly Holdings, Inc.",Internet Content & Information,
PAPL,Pineapple Financial Inc.,Mortgage Finance,
XXII,"22nd Century Group, Inc.",Tobacco,
GNPX,"Genprex, Inc.",Biotechnology,
POAI,Predictive Oncology Inc.,Medical Instruments & Supplies,
AUMN,Golden Minerals Company,Other Precious Metals & Mining,
VEEE,Twin Vee Powercats Co.,Recreational Vehicles,
SOBR,"SOBR Safe, Inc.",Scientific & Technical Instruments,
VS,Versus Systems Inc.,Software - Application,
WINT,"Windtree Therapeutics, Inc.",Biotechnology,
BENF,Beneficient,Asset Management,
IMTE,Integrated Media Technology Limited,Electronic Components,
CTHR,"Charles & Colvard, Ltd.",Luxury Goods,
BOXL,Boxlight Corporation,Communication Equipment,
ALCE,Alternus Clean Energy Inc,Utilities - Renewable,
VSME,VS MEDIA Holdings Limited,Advertising Agencies,
SNOA,"Sonoma Pharmaceuticals, Inc.",Drug Manufacturers - Specialty & Generic,
TIRX,Tian Ruixiang Holdings Ltd,Insurance Brokers,
REBN,"Reborn Coffee, Inc.",Restaurants,
AEHL,Antelope Enterprise Holdings Limited,Building Products & Equipment,
HEPA,"Hepion Pharmaceuticals, Inc.",Biotechnology,
BFRI,Biofrontera Inc.,Drug Manufacturers - Specialty & Generic,
DDC,DDC Enterprise Limited,Packaged Foods,
KTTA,Pasithea Therapeutics Corp.,Biotechnology,
APM,Aptorum Group Limited,Biotechnology,
AMBO,Ambow Education Holding Ltd.,Education & Training Services,
AQB,"AquaBounty Technologies, Inc.",Farm Products,
GENE,Genetic Technologies Limited,Diagnostics & Research,
PW,Power REIT,REIT - Specialty,
UPXI,"Upexi, Inc.",Internet Content & Information,
THAR,"Tharimmune, Inc.",Biotechnology,
LKCO,Luokung Technology Corp.,Software - Application,
LUXH,LuxUrban Hotels Inc.,Lodging,
ARTL,"Artelo Biosciences, Inc.",Biotechnology,
IFBD,"Infobird Co., Ltd",Software - Application,
CPHI,"China Pharma Holdings, Inc.",Drug Manufacturers - Specialty & Generic,
RKDA,"Arcadia Biosciences, Inc.",Packaged Foods,
STAF,"Staffing 360 Solutions, Inc.",Staffing & Employment Services,
AZTR,"Azitra, Inc.",Biotechnology,
IDAI,T Stamp Inc.,Software - Application,
OST,"Ostin Technology Group Co., Ltd.",Electronic Components,
VVPR,VivoPower International PLC,Solar,
CHRO,Chromocell Therapeutics Corporation,Biotechnology,
NBY,"NovaBay Pharmaceuticals, Inc.",Biotechnology,
MSGM,Motorsport Games Inc.,Electronic Gaming & Multimedia,
CNET,ZW Data Action Technologies Inc.,Advertising Agencies,
NUKK,Nukkleus Inc.,Software - Application,
LIXT,"Lixte Biotechnology Holdings, Inc.",Biotechnology,
SNPX,"Synaptogenix, Inc.",Biotechnology,
ATXG,Addentax Group Corp.,Integrated Freight & Logistics,
TTNP,"Titan Pharmaceuticals, Inc.",Biotechnology,
TCRT,"Alaunos Therapeutics, Inc.",Biotechnology,
ASTI,"Ascent Solar Technologies, Inc.",Solar,
ENVB,"Enveric Biosciences, Inc.",Biotechnology,
TPET,Trio Petroleum Corp.,Oil & Gas Exploration & Production,
VRPX,"Virpax Pharmaceuticals, Inc.",Biotechnology,
SISI,"Shineco, Inc.",Farm Products,
NAYA,"NAYA Biosciences, Inc.",Medical/Nursing Services,
SYTA,Siyata Mobile Inc.,Communication Equipment,
QNRX,"Quoin Pharmaceuticals, Ltd.",Biotechnology,
PALI,"Palisade Bio, Inc.",Biotechnology,
WATT,Energous Corporation,Scientific & Technical Instruments,
BNZI,"Banzai International, Inc.",Software - Application,
OGEN,"Oragenics, Inc.",Biotechnology,
DWTX,"Dogwood Therapeutics, Inc.",Biotechnology,
LTRY,Lottery.com Inc.,Gambling,
AUUD,Auddia Inc.,Software - Application,
ONCT,"Oncternal Therapeutics, Inc.",Biotechnology,
ICON,Icon Energy Corp.,Marine Shipping,
OBLG,"Oblong, Inc.",Software - Application,
UAVS,"AgEagle Aerial Systems, Inc.",Computer Hardware,
BTTR,Better Choice Company Inc.,Packaged Foods,
PLRZ,Polyrizon Ltd.,Health Care,
MLGO,MicroAlgo Inc.,Software - Infrastructure,
NCNA,NuCana plc,Biotechnology,
SPGC,"Sacks Parente Golf, Inc.",Leisure,
TOVX,"Theriva Biologics, Inc.",Biotechnology,
SOPA,Society Pass Incorporated,Software - Application,
CMAX,"CareMax, Inc.",Health Information Services,
PCSA,"Processa Pharmaceuticals, Inc.",Biotechnology,
BPTH,"Bio-Path Holdings, Inc.",Biotechnology,
NXU,"Nxu, Inc.",Electrical Equipment & Parts,
ADTX,"Aditxt, Inc.",Biotechnology,
LIPO,Lipella Pharmaceuticals Inc.,Biotechnology,
OLB,"The OLB Group, Inc.",Software - Infrastructure,
ALBT,Avalon GloboCare Corp.,Real Estate Services,
ATXI,"Avenue Therapeutics, Inc.",Biotechnology,
LYT,Lytus Technologies Holdings PTV. Ltd.,Software - Application,
ISPC,iSpecimen Inc.,Diagnostics & Research,
RIME,"Algorhythm Holdings, Inc.",Consumer Electronics,
ADD,"Color Star Technology Co., Ltd.",Entertainment,
BAOS,Baosheng Media Group Holdings Limited,Advertising Agencies,
RHE,"Regional Health Properties, Inc.",Medical Care Facilities,
MTNB,"Matinas BioPharma Holdings, Inc.",Biotechnology,
SGN,"Signing Day Sports, Inc.",Software - Application,
SLXN,Silexion Therapeutics Corp,Biotechnology,
AREB,"American Rebel Holdings, Inc.",Footwear & Accessories,
OCTO,Eightco Holdings Inc.,Packaging & Containers,
MDJH,MDJM Ltd,Real Estate Services,
TNFA,"TNF Pharmaceuticals, Inc.",Biotechnology,
INM,InMed Pharmaceuticals Inc.,Biotechnology,
FAMI,"Farmmi, Inc.",Packaged Foods,
BBLG,Bone Biologics Corporation,Medical Devices,
RSLS,ReShape Lifesciences Inc.,Medical Devices,
SNAX,"Stryve Foods, Inc.",Packaged Foods,
SINT,"Sintx Technologies, Inc.",Medical Devices,
PTPI,"Petros Pharmaceuticals, Inc.",Drug Manufacturers - Specialty & Generic,
MTEM,"Molecular Templates, Inc.",Biotechnology,
LXEH,"Lixiang Education Holding Co., Ltd.",Education & Training Services,
TGL,Treasure Global Inc.,Software - Application,
PTIX,"Protagenic Therapeutics, Inc.",Biotechnology,
PRFX,PainReform Ltd.,Drug Manufacturers - Specialty & Generic,
NDRA,ENDRA Life Sciences Inc.,Diagnostics & Research,
ATNF,180 Life Sciences Corp.,Biotechnology,
DGLY,"Digital Ally, Inc.",Internet Content & Information,
NUWE,"Nuwellis, Inc.",Medical Devices,
AVGR,"Avinger, Inc.",Medical Instruments & Supplies,
VLCN,"Volcon, Inc.",Auto Manufacturers,
ATCH,"AtlasClear Holdings, Inc.",Software - Infrastructure,
FRES,Fresh2 Group Limited,Biotechnology,
ITP,"IT Tech Packaging, Inc.",Paper & Paper Products,
NAOV,"NanoVibronix, Inc.",Medical Devices,
HSCS,HeartSciences Inc.,Medical Devices,
SCNI,Scinai Immunotherapeutics Ltd.,Biotechnology,
NMHI,Nature's Miracle Holding Inc.,Specialty Industrial Machinery,
EZGO,EZGO Technologies Ltd.,Recreational Vehicles,
EAST,"Eastside Distilling, Inc.",Beverages - Wineries & Distilleries,
SBET,"SharpLink Gaming, Inc.",Gambling,
SNES,"SenesTech, Inc.",Specialty Chemicals,
BQ,Boqii Holding Limited,Specialty Retail,
RELI,"Reliance Global Group, Inc.",Insurance Brokers,
PRSO,Peraso Inc.,Semiconductors,
SVRE,SaverOne 2014 Ltd.,Scientific & Technical Instruments,
TAOP,Taoping Inc.,Software - Infrastructure,
NTRP,"NextTrip, Inc.",Travel Services,
ASST,Asset Entities Inc.,Internet Content & Information,
XYLO,Xylo Technologies Ltd,Medical Devices,
NVVE,Nuvve Holding Corp.,Specialty Retail,
BDRX,Biodexa Pharmaceuticals Plc,Biotechnology,
PHIO,Phio Pharmaceuticals Corp.,Biotechnology,
VERO,Venus Concept Inc.,Medical Devices,
SCPX,"Scorpius Holdings, Inc.",Biotechnology,
SHPH,"Shuttle Pharmaceuticals Holdings, Inc.",Drug Manufacturers - Specialty & Generic,
QLGN,"Qualigen Therapeutics, Inc.",Biotechnology,
TRNR,Interactive Strength Inc.,Personal Services,
BURU,"Nuburu, Inc.",Specialty Industrial Machinery,
SLRX,"Salarius Pharmaceuticals, Inc.",Biotechnology,
AKAN,Akanda Corp.,Drug Manufacturers - Specialty & Generic,
NVFY,"Nova LifeStyle, Inc.","Furnishings, Fixtures & Appliances",
GRI,"GRI Bio, Inc.",Biotechnology,
XTIA,"XTI Aerospace, Inc.",Aerospace & Defense,
SONN,"Sonnet BioTherapeutics Holdings, Inc.",Biotechnology,
WLDS,Wearable Devices Ltd.,Consumer Electronics,
NITO,"N2OFF, Inc.",Agricultural Inputs,
DRMA,"Dermata Therapeutics, Inc.",Biotechnology,
JFBR,Jeffs' Brands Ltd,Internet Retail,
YCBD,"cbdMD, Inc.",Drug Manufacturers - Specialty & Generic,
UK,Ucommune International Ltd,Real Estate Services,
SGD,Safe and Green Development Corporation,Real Estate - Development,
ICCT,iCoreConnect Inc.,Health Information Services,
BACK,"IMAC Holdings, Inc.",Medical Care Facilities,
ACON,"Aclarion, Inc.",Health Information Services,
SXTP,"60 Degrees Pharmaceuticals, Inc.",Biotechnology,
TIVC,"Tivic Health Systems, Inc.",Medical Devices,
ALLR,"Allarity Therapeutics, Inc.",Biotechnology,
BKYI,"BIO-key International, Inc.",Security & Protection Services,
HSDT,"Helius Medical Technologies, Inc.",Medical Devices,
VINO,"Gaucho Group Holdings, Inc.",Real Estate - Diversified,
WORX,SCWorx Corp.,Health Information Services,
CYTO,Altamira Therapeutics Ltd.,Biotechnology,
XPON,Expion360 Inc.,Electrical Equipment & Parts,
GCTK,"GlucoTrack, Inc.",Medical Instruments & Supplies,
DBGI,"Digital Brands Group, Inc.",Apparel Retail,
GXAI,Gaxos.ai Inc.,Electronic Gaming & Multimedia,
TC,TuanChe Limited,Internet Content & Information,
TFFP,"TFF Pharmaceuticals, Inc.",Biotechnology,
SXTC,"China SXT Pharmaceuticals, Inc.",Drug Manufacturers - Specialty & Generic,
LGHL,Lion Group Holding Ltd.,Capital Markets,
MYSZ,"My Size, Inc.",Software - Application,
ENTO,"Entero Therapeutics, Inc.",Biotechnology,
TANH,Tantech Holdings Ltd,Household & Personal Products,
NCPL,Netcapital Inc.,Capital Markets,
REVB,"Revelation Biosciences, Inc.",Biotechnology,
TNON,"Tenon Medical, Inc.",Medical Devices,
VTAK,"Catheter Precision, Inc.",Medical Devices,
ZVSA,"ZyVersa Therapeutics, Inc.",Biotechnology,
EDBL,Edible Garden AG Incorporated,Farm Products,
SGBX,Safe & Green Holdings Corp.,Metal Fabrication,
GNLN,"Greenlane Holdings, Inc.",Tobacco,
BSFC,Blue Star Foods Corp.,Packaged Foods,
BJDX,"Bluejay Diagnostics, Inc.",Medical Devices,
KWE,KWESST Micro Systems Inc.,Aerospace & Defense,
CNEY,CN Energy Group. Inc.,Specialty Chemicals,
ELAB,Elevai Labs Inc.,Biotechnology,
SPRC,SciSparc Ltd.,Biotechnology,
PBM,Psyence Biomedical Ltd.,Biotechnology,
CYCC,"Cyclacel Pharmaceuticals, Inc.",Biotechnology,
SMX,SMX (Security Matters) Public Limited Company,Specialty Business Services,
LGMK,"LogicMark, Inc.",Health Information Services,
STKH,Steakholder Foods Ltd.,Packaged Foods,
TCBP,TC Biopharm (Holdings) Plc,Biotechnology,
VMAR,Vision Marine Technologies Inc.,Recreational Vehicles,
EFSH,1847 Holdings LLC,Conglomerates,